"ID","DATETIME","PRECIPITATION","MET_OFFICE_FLAG"
265923,"31-03-2001 00:00:00",90,16
265923,"31-07-2002 00:00:00",70,16
265923,"31-12-2008 00:00:00",32.3,16
265923,"31-01-2009 00:00:00",59.8,16
265923,"31-01-2011 00:00:00",80.3,16
265923,"30-06-2011 00:00:00",72.8,16
265923,"30-09-2011 00:00:00",39.9,16
265923,"30-06-2014 00:00:00",53.7,16
265923,"31-07-2014 00:00:00",39,16
240201,"28-02-1998 00:00:00",9.4,16
240201,"31-08-1999 00:00:00",69.7,16
240201,"28-02-2009 00:00:00",64.2,16
240201,"31-12-2009 00:00:00",92,16
240201,"31-01-2010 00:00:00",43,16
240201,"31-07-2018 00:00:00",8.8,16
240201,"31-01-2019 00:00:00",26.6,16
240202,"31-05-1999 00:00:00",18.4,16
240202,"31-07-1999 00:00:00",13.8,16
240202,"31-08-1999 00:00:00",86,16
240202,"30-09-1999 00:00:00",97.8,16
240202,"30-06-2000 00:00:00",13.9,16
240202,"30-09-2000 00:00:00",91.3,0
240202,"31-10-2000 00:00:00",142.4,0
240202,"30-11-2000 00:00:00",129.5,0
240202,"31-12-2000 00:00:00",103.7,0
240202,"31-01-2001 00:00:00",70.5,0
240202,"31-03-2001 00:00:00",86.7,0
240202,"30-04-2001 00:00:00",80,0
240202,"31-05-2001 00:00:00",49.1,0
240202,"30-06-2001 00:00:00",44.1,0
240202,"31-07-2001 00:00:00",71.1,0
240202,"31-08-2001 00:00:00",108.5,0
240202,"30-09-2001 00:00:00",63.2,0
240202,"31-10-2001 00:00:00",118.1,0
240202,"30-11-2001 00:00:00",45.2,0
240202,"31-12-2001 00:00:00",19,11
240202,"31-01-2002 00:00:00",54.1,0
240202,"28-02-2002 00:00:00",74,0
240202,"31-03-2002 00:00:00",44,11
240202,"30-04-2002 00:00:00",37,0
240202,"31-05-2002 00:00:00",74,11
240202,"30-06-2002 00:00:00",27,11
240202,"31-07-2002 00:00:00",75.5,0
240202,"31-08-2002 00:00:00",33.4,0
240202,"30-09-2002 00:00:00",17.2,0
240202,"31-10-2002 00:00:00",100.7,0
240202,"30-11-2002 00:00:00",130.3,0
240202,"31-12-2002 00:00:00",110,11
240202,"31-01-2003 00:00:00",80.6,11
240202,"28-02-2003 00:00:00",19.4,0
240202,"31-03-2003 00:00:00",18.5,0
240202,"30-04-2003 00:00:00",22.3,0
240202,"31-05-2003 00:00:00",39.1,0
240202,"30-06-2003 00:00:00",39.6,0
240202,"31-07-2003 00:00:00",44.4,0
240202,"31-08-2003 00:00:00",0,0
240202,"30-09-2003 00:00:00",15.2,0
240202,"31-10-2003 00:00:00",48.7,0
240202,"30-11-2003 00:00:00",98.8,0
240202,"31-12-2003 00:00:00",69.3,0
240202,"31-01-2004 00:00:00",81.5,0
240202,"29-02-2004 00:00:00",29.4,0
240202,"31-03-2004 00:00:00",42.9,0
240202,"30-04-2004 00:00:00",75.8,11
240202,"31-05-2004 00:00:00",51.6,11
240202,"30-06-2004 00:00:00",27.5,11
240202,"31-07-2004 00:00:00",74.4,0
240202,"31-08-2004 00:00:00",91.1,0
240202,"30-09-2004 00:00:00",22.7,0
240202,"31-10-2004 00:00:00",116.3,0
240202,"30-11-2004 00:00:00",71.8,0
240202,"31-12-2004 00:00:00",31.5,0
240202,"31-01-2005 00:00:00",25.3,0
240202,"28-02-2005 00:00:00",33.5,0
240202,"31-03-2005 00:00:00",36,0
240202,"30-04-2005 00:00:00",41.8,0
240202,"31-05-2005 00:00:00",36.5,0
240202,"30-06-2005 00:00:00",69.4,0
240202,"31-07-2005 00:00:00",42.2,0
240202,"31-08-2005 00:00:00",45,11
240202,"30-09-2005 00:00:00",49.5,0
240202,"31-10-2005 00:00:00",69,0
240202,"30-11-2005 00:00:00",42,0
240202,"31-12-2005 00:00:00",52,0
240202,"31-01-2006 00:00:00",20.5,0
240202,"28-02-2006 00:00:00",37.3,0
240202,"31-03-2006 00:00:00",52.5,0
240202,"30-04-2006 00:00:00",32,0
240202,"31-05-2006 00:00:00",77.5,0
240202,"30-06-2006 00:00:00",7.8,0
240202,"31-07-2006 00:00:00",32.5,0
240202,"31-08-2006 00:00:00",78,0
240202,"30-09-2006 00:00:00",91.1,11
240202,"31-10-2006 00:00:00",94,0
240202,"30-11-2006 00:00:00",106,0
240202,"31-12-2006 00:00:00",75.5,0
240202,"31-01-2007 00:00:00",68,0
240202,"31-03-2007 00:00:00",44.5,0
240202,"30-04-2007 00:00:00",0,0
240202,"31-05-2007 00:00:00",173,0
240202,"30-06-2007 00:00:00",47,0
240202,"31-07-2007 00:00:00",111,0
240202,"31-08-2007 00:00:00",65,0
240202,"30-09-2007 00:00:00",28.2,11
240202,"31-10-2007 00:00:00",70,0
240202,"30-11-2007 00:00:00",67,0
240202,"31-12-2007 00:00:00",67.5,0
240202,"31-01-2008 00:00:00",82,0
240202,"29-02-2008 00:00:00",18.5,0
240202,"31-03-2008 00:00:00",91.5,0
240202,"30-04-2008 00:00:00",49,0
240202,"31-05-2008 00:00:00",108,0
240202,"30-06-2008 00:00:00",50.6,11
240202,"31-07-2008 00:00:00",69.5,0
240349,"31-01-1996 00:00:00",52,0
240349,"29-02-1996 00:00:00",63,0
240349,"31-03-1996 00:00:00",23,0
240349,"30-04-1996 00:00:00",20.2,0
240349,"31-05-1996 00:00:00",23.3,11
240349,"31-01-1997 00:00:00",8.1,11
240349,"28-02-1997 00:00:00",67.5,0
240349,"31-07-1997 00:00:00",52.5,11
240349,"31-08-1997 00:00:00",39.5,0
240349,"31-05-1999 00:00:00",19.3,11
240349,"30-06-1999 00:00:00",50,0
240349,"31-07-1999 00:00:00",40.5,0
240349,"31-08-1999 00:00:00",84.1,11
240349,"30-09-1999 00:00:00",79,0
240349,"31-10-1999 00:00:00",38,0
240349,"30-11-1999 00:00:00",44,0
240349,"31-01-2004 00:00:00",73.5,0
240349,"29-02-2004 00:00:00",17,0
240349,"31-03-2004 00:00:00",35.5,0
240349,"30-04-2004 00:00:00",69.6,11
240349,"31-05-2004 00:00:00",51.6,11
240349,"31-07-2004 00:00:00",48.6,11
240349,"31-08-2004 00:00:00",86,0
240349,"31-10-2004 00:00:00",104,0
240349,"30-11-2004 00:00:00",35,0
240349,"28-02-2005 00:00:00",29.2,11
240349,"31-03-2005 00:00:00",23,0
240349,"30-04-2005 00:00:00",44,0
240350,"31-10-2002 00:00:00",70,16
240350,"31-01-2003 00:00:00",75,16
240350,"31-08-2010 00:00:00",110,16
240350,"30-09-2010 00:00:00",48,16
240350,"31-10-2010 00:00:00",70,16
240350,"30-11-2010 00:00:00",42.5,16
240350,"31-12-2010 00:00:00",24,16
240350,"31-01-2011 00:00:00",72,16
240350,"30-04-2020 00:00:00",31,16
240350,"31-07-2022 00:00:00",79.5,16
240469,"31-01-1996 00:00:00",51.2,0
240469,"29-02-1996 00:00:00",57.8,0
240469,"31-03-1996 00:00:00",22.6,0
240469,"30-04-1996 00:00:00",19.2,0
240469,"31-05-1996 00:00:00",18.7,0
240469,"31-01-1997 00:00:00",12.6,0
240469,"28-02-1997 00:00:00",67.5,0
240469,"31-07-1997 00:00:00",43,11
240469,"31-08-1997 00:00:00",40.4,0
240469,"31-05-1999 00:00:00",19,11
240469,"30-06-1999 00:00:00",52,0
240469,"31-07-1999 00:00:00",15.9,11
240469,"31-08-1999 00:00:00",78,0
240469,"30-09-1999 00:00:00",72,0
240469,"31-10-1999 00:00:00",45.5,0
240469,"30-11-1999 00:00:00",35.5,0
240469,"31-01-2004 00:00:00",80.5,0
240469,"29-02-2004 00:00:00",17.5,0
240469,"31-05-2004 00:00:00",46.2,11
240469,"30-06-2004 00:00:00",29.2,11
240469,"31-07-2004 00:00:00",44.6,11
240469,"31-08-2004 00:00:00",88,0
240469,"30-09-2004 00:00:00",17.2,11
240469,"31-10-2004 00:00:00",97,0
240469,"30-11-2004 00:00:00",36.2,0
240469,"31-01-2005 00:00:00",21.5,0
240469,"28-02-2005 00:00:00",27.5,0
240469,"31-03-2005 00:00:00",24,0
240469,"30-04-2005 00:00:00",49,0
240469,"31-12-2006 00:00:00",71,0
240469,"30-06-2007 00:00:00",77,0
240470,"30-04-1999 00:00:00",40.3,16
240470,"31-12-2002 00:00:00",120,16
240470,"31-03-2004 00:00:00",31.9,16
240470,"31-05-2004 00:00:00",46,16
240470,"31-07-2005 00:00:00",30,16
240470,"30-09-2005 00:00:00",43,16
240470,"31-10-2005 00:00:00",72.2,16
240470,"31-07-2007 00:00:00",49.8,16
240470,"30-11-2007 00:00:00",62,16
240470,"31-08-2010 00:00:00",115,16
240470,"31-10-2011 00:00:00",16,16
240661,"31-01-1996 00:00:00",47.2,0
240661,"29-02-1996 00:00:00",58.5,0
240661,"31-03-1996 00:00:00",24.6,0
240661,"30-04-1996 00:00:00",25.5,0
240661,"31-05-1996 00:00:00",21.4,0
240661,"31-01-1997 00:00:00",15,0
240661,"28-02-1997 00:00:00",63.6,0
240661,"31-07-1997 00:00:00",37.5,11
240661,"31-08-1997 00:00:00",37.6,0
240661,"31-05-1999 00:00:00",20.4,11
240661,"30-06-1999 00:00:00",41.5,0
240661,"31-07-1999 00:00:00",35,0
240661,"31-08-1999 00:00:00",43.2,11
240661,"30-09-1999 00:00:00",69.5,0
240661,"31-10-1999 00:00:00",46.5,0
240661,"30-11-1999 00:00:00",35,0
240661,"31-01-2004 00:00:00",66.5,0
240661,"29-02-2004 00:00:00",24,0
240661,"31-03-2004 00:00:00",41.2,0
240661,"30-04-2004 00:00:00",62.8,11
240661,"31-05-2004 00:00:00",51,11
240661,"30-06-2004 00:00:00",29,0
240661,"31-07-2004 00:00:00",54.5,0
240661,"31-08-2004 00:00:00",115.6,11
240661,"30-09-2004 00:00:00",23.8,11
240661,"31-10-2004 00:00:00",101.6,11
240661,"30-11-2004 00:00:00",58,0
240661,"31-01-2005 00:00:00",23,0
240661,"28-02-2005 00:00:00",32.2,11
240661,"31-03-2005 00:00:00",28,0
240661,"30-04-2005 00:00:00",36.2,0
240662,"28-02-1998 00:00:00",8,16
240662,"31-05-1999 00:00:00",14.8,16
240662,"31-01-2002 00:00:00",49.1,16
240662,"28-02-2002 00:00:00",65.4,16
240662,"31-07-2002 00:00:00",70,16
240662,"28-02-2003 00:00:00",18,16
240662,"28-02-2009 00:00:00",64.8,16
240662,"31-08-2012 00:00:00",32,16
240662,"31-03-2019 00:00:00",41.5,16
240815,"31-01-1996 00:00:00",50,0
240815,"29-02-1996 00:00:00",60,0
240815,"31-03-1996 00:00:00",26,0
240815,"30-04-1996 00:00:00",19.8,0
240815,"31-05-1996 00:00:00",24.2,0
240815,"31-01-1997 00:00:00",17.3,0
240815,"28-02-1997 00:00:00",74.5,0
240815,"31-07-1997 00:00:00",37,11
240815,"31-08-1997 00:00:00",36.7,0
240815,"31-05-1999 00:00:00",19.3,11
240815,"30-06-1999 00:00:00",49.5,0
240815,"31-07-1999 00:00:00",43,0
240815,"31-08-1999 00:00:00",90.2,11
240815,"30-09-1999 00:00:00",93,0
240815,"31-10-1999 00:00:00",35.5,0
240815,"30-11-1999 00:00:00",40.5,0
240815,"31-01-2004 00:00:00",64,0
240815,"29-02-2004 00:00:00",30,0
240815,"31-03-2004 00:00:00",30.5,0
240815,"31-05-2004 00:00:00",52,11
240815,"30-06-2004 00:00:00",22.5,0
240815,"31-07-2004 00:00:00",43,0
240815,"31-08-2004 00:00:00",105.5,0
240815,"30-09-2004 00:00:00",21,11
240815,"31-10-2004 00:00:00",100,0
240815,"31-01-2005 00:00:00",28.2,0
240815,"31-03-2005 00:00:00",36.2,11
240815,"30-04-2005 00:00:00",32.2,0
240815,"31-12-2006 00:00:00",78,0
240816,"28-02-1998 00:00:00",7.6,16
240816,"31-12-2000 00:00:00",80,16
240816,"31-07-2007 00:00:00",60.7,16
240816,"30-09-2011 00:00:00",25,16
240816,"31-10-2011 00:00:00",17.5,16
240816,"29-02-2012 00:00:00",0,16
240816,"30-04-2012 00:00:00",118.5,16
240816,"30-09-2012 00:00:00",33,16
241242,"31-01-1996 00:00:00",42.6,0
241242,"29-02-1996 00:00:00",63.2,0
241242,"31-03-1996 00:00:00",21.5,0
241242,"30-04-1996 00:00:00",15.5,0
241242,"31-05-1996 00:00:00",17.4,0
241242,"31-01-1997 00:00:00",18.5,0
241242,"28-02-1997 00:00:00",49,0
241242,"31-07-1997 00:00:00",54,11
241242,"31-08-1997 00:00:00",46.5,11
241242,"31-05-1999 00:00:00",17.8,11
241242,"30-06-1999 00:00:00",70,0
241242,"31-07-1999 00:00:00",26.5,11
241242,"31-08-1999 00:00:00",86.6,11
241242,"30-09-1999 00:00:00",83.2,11
241242,"31-10-1999 00:00:00",47,11
241242,"30-11-1999 00:00:00",30.6,11
241242,"31-01-2004 00:00:00",88.5,0
241242,"29-02-2004 00:00:00",39.2,0
241242,"31-03-2004 00:00:00",20.8,0
241242,"31-05-2004 00:00:00",49,11
241242,"30-06-2004 00:00:00",32.2,11
241242,"31-07-2004 00:00:00",54.2,11
241242,"31-08-2004 00:00:00",109.8,11
241242,"30-09-2004 00:00:00",22.4,11
241242,"31-10-2004 00:00:00",71,0
241242,"30-11-2004 00:00:00",59,0
241242,"31-01-2005 00:00:00",31.5,0
241242,"28-02-2005 00:00:00",28,0
241242,"31-03-2005 00:00:00",39,0
241242,"31-12-2006 00:00:00",71,0
241242,"31-01-2007 00:00:00",61.5,0
241242,"31-05-2007 00:00:00",143,0
241242,"30-06-2007 00:00:00",62,0
272242,"31-08-2022 00:00:00",57.3,16
272940,"31-01-1998 00:00:00",76,16
272940,"30-04-1998 00:00:00",119.7,16
273189,"31-10-2005 00:00:00",59.4,16
273189,"28-02-2006 00:00:00",41,16
273189,"30-04-2006 00:00:00",30.5,16
273189,"30-04-2015 00:00:00",25.4,16
273189,"31-12-2015 00:00:00",58.7,16
273407,"31-05-1996 00:00:00",28,0
273407,"31-10-1996 00:00:00",41,0
273407,"31-12-1996 00:00:00",17.9,0
273407,"31-01-1997 00:00:00",14.2,16
273407,"30-06-1997 00:00:00",80,16
273407,"31-12-1997 00:00:00",62.3,16
273407,"31-01-1998 00:00:00",78.8,16
273407,"31-03-1998 00:00:00",56.3,16
273407,"31-05-1998 00:00:00",26.9,16
273407,"31-07-1998 00:00:00",37.9,16
273407,"31-08-1998 00:00:00",32.6,16
273407,"31-05-1999 00:00:00",58.4,16
273466,"31-05-2005 00:00:00",38.7,16
273466,"31-12-2012 00:00:00",130,16
273466,"31-08-2013 00:00:00",25,16
273466,"31-10-2014 00:00:00",85,16
273466,"31-12-2014 00:00:00",53,16
273466,"31-01-2015 00:00:00",72,16
273466,"30-06-2015 00:00:00",27.5,16
273466,"30-11-2015 00:00:00",82,16
273466,"30-06-2016 00:00:00",50.8,16
273622,"30-06-2007 00:00:00",89.3,16
273622,"31-01-2024 00:00:00",68,16
274100,"29-02-1996 00:00:00",64,0
274100,"31-05-1996 00:00:00",29,0
274178,"31-10-2002 00:00:00",100,16
274178,"31-05-2007 00:00:00",170.5,16
274178,"30-06-2007 00:00:00",110.5,16
274178,"31-07-2007 00:00:00",114.4,16
274178,"30-06-2009 00:00:00",41,16
274178,"31-05-2011 00:00:00",43,16
274178,"30-06-2011 00:00:00",66,16
274178,"30-04-2014 00:00:00",58,16
274318,"31-01-2002 00:00:00",87.2,16
274318,"31-12-2002 00:00:00",125,16
274318,"31-01-2003 00:00:00",90,16
274318,"30-04-2003 00:00:00",40,16
274318,"30-06-2003 00:00:00",65,16
274318,"31-07-2003 00:00:00",47,16
274318,"31-08-2003 00:00:00",9.2,16
274318,"30-09-2003 00:00:00",21.7,16
274318,"31-10-2003 00:00:00",38.7,16
274318,"30-11-2003 00:00:00",134.9,16
274318,"31-05-2005 00:00:00",38.9,16
274318,"31-01-2006 00:00:00",25,16
274318,"30-09-2006 00:00:00",81.6,16
274318,"31-12-2006 00:00:00",76.8,16
274318,"31-01-2007 00:00:00",94,16
274318,"31-08-2007 00:00:00",70.8,16
274319,"31-12-1995 00:00:00",0.4,0
274319,"28-02-2009 00:00:00",61.2,16
274319,"31-03-2009 00:00:00",30,16
274319,"31-05-2009 00:00:00",35.5,16
274319,"31-12-2013 00:00:00",120,16
274319,"31-01-2014 00:00:00",185,16
274441,"31-07-2021 00:00:00",66.2,16
274500,"31-08-2002 00:00:00",30,16
274500,"31-01-2003 00:00:00",88,16
274500,"28-02-2003 00:00:00",25,16
274500,"31-03-2003 00:00:00",21.5,16
274500,"31-05-2003 00:00:00",42.5,16
274500,"30-06-2003 00:00:00",52.3,16
274500,"31-12-2003 00:00:00",77.8,16
274500,"31-01-2004 00:00:00",98.5,16
274500,"29-02-2004 00:00:00",30,16
274500,"31-03-2004 00:00:00",47.8,16
274500,"30-06-2004 00:00:00",22.5,16
274500,"31-07-2004 00:00:00",35,16
274500,"31-08-2004 00:00:00",111.9,16
274500,"31-10-2004 00:00:00",108.6,16
274500,"30-11-2004 00:00:00",51.3,16
274500,"31-12-2004 00:00:00",47.3,16
169246,"28-02-1997 00:00:00",63.8,16
171450,"31-01-2011 00:00:00",58,16
171450,"31-10-2022 00:00:00",105.3,16
171458,"30-11-1997 00:00:00",62.4,16
171458,"30-11-2002 00:00:00",120,16
171458,"31-10-2003 00:00:00",34.7,16
171458,"29-02-2004 00:00:00",30.9,16
171458,"30-04-2004 00:00:00",70.5,16
171458,"31-05-2004 00:00:00",53.2,16
171458,"30-06-2004 00:00:00",22.1,16
171458,"31-07-2005 00:00:00",34,16
171458,"31-08-2005 00:00:00",38.8,16
171458,"30-09-2005 00:00:00",60.5,16
171458,"31-10-2005 00:00:00",57.6,16
171458,"30-11-2005 00:00:00",40,16
171458,"31-12-2005 00:00:00",40,16
171458,"31-01-2006 00:00:00",22,16
171458,"28-02-2006 00:00:00",40.6,16
171458,"31-03-2006 00:00:00",44.1,16
171458,"30-04-2006 00:00:00",35,16
171458,"31-05-2006 00:00:00",69,16
171458,"30-11-2006 00:00:00",98.9,16
171458,"31-12-2006 00:00:00",61,16
171458,"28-02-2007 00:00:00",92.6,16
171458,"31-05-2007 00:00:00",134,16
171458,"30-06-2007 00:00:00",61.8,16
171458,"31-01-2008 00:00:00",65.7,16
171458,"31-05-2008 00:00:00",85,16
171458,"31-07-2008 00:00:00",60,16
171458,"31-08-2008 00:00:00",85,16
171458,"31-10-2008 00:00:00",50.7,16
171458,"30-11-2008 00:00:00",74.2,16
171458,"31-12-2008 00:00:00",28,16
171458,"31-03-2009 00:00:00",26,16
171458,"30-04-2009 00:00:00",35,16
171458,"31-12-2009 00:00:00",75,16
171458,"31-01-2010 00:00:00",43,16
171458,"31-07-2010 00:00:00",19,16
171458,"31-08-2010 00:00:00",120,16
171975,"28-02-2009 00:00:00",57.8,16
171975,"31-03-2009 00:00:00",20.8,16
171975,"31-01-2010 00:00:00",44.1,16
171975,"30-09-2010 00:00:00",35.8,16
171975,"31-10-2010 00:00:00",45.5,16
171975,"30-11-2010 00:00:00",39.1,16
171975,"31-12-2010 00:00:00",26,16
171975,"31-01-2011 00:00:00",52.8,16
171975,"31-03-2011 00:00:00",4,16
171975,"31-10-2011 00:00:00",20,16
171975,"30-11-2011 00:00:00",25,16
171975,"31-03-2013 00:00:00",55,16
171975,"31-05-2013 00:00:00",54,16
171975,"31-07-2013 00:00:00",35,16
171975,"30-09-2013 00:00:00",46,16
171975,"31-07-2014 00:00:00",33,16
171975,"30-09-2014 00:00:00",5.2,16
172101,"30-09-2002 00:00:00",19,16
172101,"31-05-2003 00:00:00",38,16
175652,"31-01-1996 00:00:00",33.7,0
175652,"28-02-2001 00:00:00",87,16
175652,"30-11-2002 00:00:00",120,16
175652,"31-01-2003 00:00:00",89.3,16
175652,"30-04-2003 00:00:00",25,16
274545,"31-03-1998 00:00:00",74.3,0
274546,"28-02-2003 00:00:00",26,16
274546,"31-03-2003 00:00:00",21,16
274546,"30-06-2003 00:00:00",54,16
274546,"31-03-2005 00:00:00",43.3,16
274546,"30-04-2005 00:00:00",47,16
274546,"30-06-2005 00:00:00",47.5,16
274546,"31-10-2005 00:00:00",75.6,16
274546,"30-11-2005 00:00:00",51,16
275166,"31-01-1998 00:00:00",69,16
275166,"30-04-1998 00:00:00",114.2,16
275169,"31-01-1997 00:00:00",11,16
275169,"28-02-1997 00:00:00",45,16
275443,"28-02-1998 00:00:00",6.6,16
275443,"30-09-2003 00:00:00",7.5,16
275443,"31-10-2014 00:00:00",91.3,16
275443,"30-06-2016 00:00:00",107.9,16
275443,"31-10-2016 00:00:00",21.3,16
275443,"28-02-2017 00:00:00",28.1,16
275443,"31-05-2017 00:00:00",66.2,16
275574,"28-02-1999 00:00:00",21.8,16
275574,"31-07-1999 00:00:00",5.7,16
275574,"31-08-2000 00:00:00",30,16
275574,"31-01-2001 00:00:00",80,16
275574,"31-01-2003 00:00:00",70,16
275574,"31-03-2006 00:00:00",43.4,16
275574,"30-04-2006 00:00:00",35.6,16
275574,"31-05-2006 00:00:00",73.9,16
275574,"28-02-2007 00:00:00",91.8,16
275574,"31-10-2007 00:00:00",32.3,16
275574,"31-05-2009 00:00:00",40.8,16
275574,"30-09-2009 00:00:00",18,16
275574,"31-10-2009 00:00:00",35,16
275574,"30-11-2009 00:00:00",141.2,16
275574,"31-12-2009 00:00:00",85.6,16
275574,"31-01-2010 00:00:00",53,16
275574,"31-12-2010 00:00:00",21,16
275574,"31-01-2011 00:00:00",78.9,16
275574,"31-07-2011 00:00:00",39,16
275574,"29-02-2012 00:00:00",20.6,16
275574,"31-12-2015 00:00:00",44,16
275574,"29-02-2016 00:00:00",41,16
275574,"31-03-2016 00:00:00",66.3,16
275574,"31-05-2016 00:00:00",63.6,16
275574,"30-06-2016 00:00:00",130.2,16
275574,"31-07-2016 00:00:00",18,16
275574,"31-08-2016 00:00:00",20,16
275574,"30-11-2016 00:00:00",76.2,16
275574,"31-12-2017 00:00:00",77.7,16
275574,"30-11-2018 00:00:00",80,16
275574,"31-12-2018 00:00:00",65,16
275574,"31-01-2019 00:00:00",31,16
275574,"28-02-2019 00:00:00",32.9,16
275574,"31-03-2019 00:00:00",43.9,16
275574,"29-02-2020 00:00:00",93.5,16
275574,"31-03-2020 00:00:00",38,16
275574,"30-04-2020 00:00:00",35.1,16
275574,"31-08-2020 00:00:00",66.5,16
275574,"31-01-2021 00:00:00",90.2,16
275574,"28-02-2021 00:00:00",35.1,16
275574,"30-04-2022 00:00:00",69.3,16
275574,"31-05-2022 00:00:00",31.5,16
275611,"31-12-1997 00:00:00",52.4,16
275611,"31-07-2000 00:00:00",47,16
275611,"30-09-2000 00:00:00",82,16
275611,"31-10-2000 00:00:00",160.3,16
275611,"30-11-2000 00:00:00",113.7,16
275611,"31-12-2000 00:00:00",89,16
275611,"31-01-2001 00:00:00",75,16
275611,"31-03-2001 00:00:00",110,16
275611,"30-04-2001 00:00:00",80.1,16
275611,"31-05-2001 00:00:00",50,16
275611,"31-08-2001 00:00:00",89,16
275611,"30-09-2001 00:00:00",60,16
275611,"31-12-2001 00:00:00",30,16
275611,"28-02-2002 00:00:00",75,16
275611,"30-04-2002 00:00:00",39,16
275611,"30-06-2002 00:00:00",50,16
275611,"31-07-2002 00:00:00",75,16
275611,"31-10-2002 00:00:00",65,16
275611,"30-11-2002 00:00:00",150,16
275611,"31-12-2002 00:00:00",110,16
275611,"28-02-2003 00:00:00",21,16
276035,"31-08-1998 00:00:00",19.8,16
276035,"31-12-2009 00:00:00",87,16
276035,"31-01-2010 00:00:00",50,16
276035,"28-02-2010 00:00:00",89.5,16
276035,"31-03-2010 00:00:00",33,16
276035,"31-05-2010 00:00:00",42.8,16
276035,"30-06-2010 00:00:00",19,16
276035,"31-10-2010 00:00:00",70,16
276035,"30-11-2010 00:00:00",27.2,16
276035,"31-12-2010 00:00:00",28,16
276035,"31-05-2011 00:00:00",32,16
276035,"30-06-2011 00:00:00",83.5,16
276035,"31-03-2012 00:00:00",16.4,16
276035,"31-05-2012 00:00:00",27,16
276035,"30-11-2012 00:00:00",74,16
276035,"31-12-2012 00:00:00",106,16
276036,"31-05-1999 00:00:00",49,16
276036,"31-12-2000 00:00:00",85,16
276036,"31-05-2001 00:00:00",50,16
276036,"31-12-2001 00:00:00",25,16
276036,"31-01-2002 00:00:00",55.7,16
276036,"31-05-2002 00:00:00",89,16
276036,"31-03-2003 00:00:00",16,16
276036,"28-02-2006 00:00:00",42.5,16
276036,"31-03-2007 00:00:00",41.8,16
276036,"31-08-2010 00:00:00",91,16
276176,"31-05-1999 00:00:00",58.5,0
276176,"30-06-1999 00:00:00",61.5,0
276176,"31-07-1999 00:00:00",81.5,0
276176,"31-08-1999 00:00:00",97.8,11
276176,"30-09-1999 00:00:00",92.5,0
276176,"31-10-1999 00:00:00",41.5,0
276176,"30-11-1999 00:00:00",35,0
276176,"29-02-2004 00:00:00",26.9,11
276176,"31-03-2004 00:00:00",35.5,0
276176,"30-04-2004 00:00:00",66,0
276176,"31-05-2004 00:00:00",53.2,11
276176,"30-06-2004 00:00:00",30.2,11
276176,"31-07-2004 00:00:00",34.5,0
276176,"31-08-2004 00:00:00",125.2,11
276176,"30-09-2004 00:00:00",25,0
276176,"31-10-2004 00:00:00",90.8,0
276176,"31-03-2005 00:00:00",44.1,0
276176,"30-04-2005 00:00:00",38,0
276176,"31-12-2006 00:00:00",64,0
276176,"30-06-2007 00:00:00",77,0
276177,"31-05-1999 00:00:00",31.3,16
276177,"31-05-2002 00:00:00",90,16
276177,"31-07-2002 00:00:00",75,16
276177,"31-10-2002 00:00:00",72,16
276177,"30-04-2003 00:00:00",29,16
276177,"31-05-2003 00:00:00",48,16
276315,"30-06-1999 00:00:00",83,16
276315,"31-08-1999 00:00:00",120.4,16
276315,"30-09-1999 00:00:00",81,16
276315,"30-09-2000 00:00:00",92,16
276315,"30-11-2000 00:00:00",125,16
276315,"31-01-2004 00:00:00",66.6,16
276315,"29-02-2004 00:00:00",27.2,16
276315,"31-03-2004 00:00:00",35.8,16
276315,"30-04-2004 00:00:00",60.2,16
276315,"31-05-2004 00:00:00",47.4,16
276315,"30-06-2004 00:00:00",35.1,16
276315,"30-11-2004 00:00:00",37.4,16
276315,"31-01-2005 00:00:00",25.4,16
276315,"28-02-2005 00:00:00",23.2,16
276315,"30-04-2005 00:00:00",62,16
276315,"31-05-2005 00:00:00",19.6,16
276315,"31-12-2006 00:00:00",71,16
276316,"31-12-2003 00:00:00",56.8,16
276316,"31-07-2022 00:00:00",76.5,16
276316,"31-07-2024 00:00:00",96.2,16
276394,"31-08-1999 00:00:00",114.2,16
276394,"31-12-2001 00:00:00",25,5
276394,"31-01-2002 00:00:00",77,5
276394,"28-02-2002 00:00:00",80,5
276394,"31-03-2002 00:00:00",42,5
276394,"30-04-2002 00:00:00",48.4,5
276394,"31-05-2002 00:00:00",90,5
276394,"30-06-2002 00:00:00",36,5
276394,"31-07-2002 00:00:00",85,5
276394,"31-08-2002 00:00:00",75,5
276394,"31-10-2002 00:00:00",72.5,0
276394,"30-11-2002 00:00:00",150,11
276394,"31-12-2002 00:00:00",120,11
276394,"31-01-2003 00:00:00",75,11
276394,"28-02-2003 00:00:00",18,11
276394,"31-03-2003 00:00:00",16,11
276394,"30-04-2003 00:00:00",28,11
276394,"31-05-2003 00:00:00",40,11
276394,"30-06-2003 00:00:00",45,11
276394,"31-07-2003 00:00:00",34.7,0
276394,"31-08-2003 00:00:00",5.7,0
276394,"30-09-2003 00:00:00",17.8,0
276394,"31-10-2003 00:00:00",33,11
276394,"30-11-2003 00:00:00",124.7,0
276394,"31-12-2003 00:00:00",70.7,0
276394,"31-01-2004 00:00:00",86.2,0
276394,"29-02-2004 00:00:00",23.5,0
276394,"31-03-2004 00:00:00",37.6,0
276394,"30-04-2004 00:00:00",76.1,11
276394,"31-05-2004 00:00:00",53.6,11
276394,"30-06-2004 00:00:00",29.3,0
276394,"31-07-2004 00:00:00",48.9,0
276394,"31-08-2004 00:00:00",89.5,0
276394,"30-09-2004 00:00:00",20.9,0
276394,"31-10-2004 00:00:00",111.3,0
276394,"30-11-2004 00:00:00",47.9,0
276394,"31-01-2005 00:00:00",25.8,0
276394,"28-02-2005 00:00:00",29.8,0
276394,"31-03-2005 00:00:00",33,0
276394,"30-04-2005 00:00:00",76,0
276394,"31-05-2005 00:00:00",25.2,0
276394,"30-06-2005 00:00:00",43,0
276394,"31-08-2005 00:00:00",49.1,0
276394,"30-09-2005 00:00:00",50,0
276394,"31-10-2005 00:00:00",81.5,0
276394,"30-11-2005 00:00:00",44.5,0
276394,"31-12-2005 00:00:00",46,0
276394,"31-01-2006 00:00:00",21,0
276394,"28-02-2006 00:00:00",36,0
276394,"31-03-2006 00:00:00",45.5,0
276394,"30-04-2006 00:00:00",48,0
276394,"31-05-2006 00:00:00",85.5,0
276394,"30-06-2006 00:00:00",12.5,0
276394,"31-07-2006 00:00:00",10.7,0
276394,"31-08-2006 00:00:00",73.5,0
276394,"30-09-2006 00:00:00",57,0
276394,"31-10-2006 00:00:00",80.5,0
276394,"30-11-2006 00:00:00",101,0
276394,"31-12-2006 00:00:00",88,0
276394,"31-01-2007 00:00:00",78.5,0
276394,"31-03-2007 00:00:00",51.5,0
276394,"30-04-2007 00:00:00",2,0
276394,"31-05-2007 00:00:00",128.5,0
276394,"30-06-2007 00:00:00",41.5,0
276394,"31-07-2007 00:00:00",84,0
276394,"31-08-2007 00:00:00",43.5,0
276394,"30-09-2007 00:00:00",13,0
276394,"31-10-2007 00:00:00",56,0
276394,"30-11-2007 00:00:00",75.5,0
276394,"31-12-2007 00:00:00",71,0
276394,"31-01-2008 00:00:00",102,0
276394,"29-02-2008 00:00:00",14,0
276394,"31-03-2008 00:00:00",84,0
276394,"30-04-2008 00:00:00",45.5,0
276394,"31-05-2008 00:00:00",93.5,0
276394,"30-06-2008 00:00:00",24.5,11
276394,"31-07-2008 00:00:00",66,11
276394,"31-08-2008 00:00:00",87,0
276394,"30-09-2008 00:00:00",34.5,0
276394,"31-10-2008 00:00:00",72.5,0
276394,"30-11-2008 00:00:00",65.5,0
276394,"28-02-2009 00:00:00",70,11
276394,"31-03-2009 00:00:00",32,0
276394,"30-04-2009 00:00:00",34,0
276394,"31-05-2009 00:00:00",23.5,11
276394,"30-06-2009 00:00:00",61,11
276394,"31-07-2009 00:00:00",76.5,0
276394,"31-08-2009 00:00:00",43,0
276394,"30-09-2009 00:00:00",12,0
276394,"31-10-2009 00:00:00",47,0
276394,"30-11-2009 00:00:00",131.5,0
276394,"31-12-2009 00:00:00",79.5,0
276394,"31-01-2010 00:00:00",48,0
276394,"28-02-2010 00:00:00",76,0
276394,"31-03-2010 00:00:00",29.5,0
276394,"30-04-2010 00:00:00",12.5,0
276394,"31-05-2010 00:00:00",44,0
276394,"30-06-2010 00:00:00",15,11
276394,"31-07-2010 00:00:00",19,0
276394,"31-08-2010 00:00:00",142.5,0
276394,"30-09-2010 00:00:00",44,0
276394,"31-10-2010 00:00:00",75,0
276394,"30-11-2010 00:00:00",50,0
276394,"31-12-2010 00:00:00",26.5,11
276394,"31-01-2011 00:00:00",77,0
276394,"28-02-2011 00:00:00",43,0
276394,"31-03-2011 00:00:00",8.5,0
276394,"30-04-2011 00:00:00",1.5,0
276394,"31-05-2011 00:00:00",18,0
276394,"30-06-2011 00:00:00",80.5,0
276394,"31-07-2011 00:00:00",50,0
276394,"31-08-2011 00:00:00",64,0
276394,"30-09-2011 00:00:00",28,0
276394,"31-10-2011 00:00:00",18,0
276394,"30-11-2011 00:00:00",32,0
276394,"31-12-2011 00:00:00",68.5,11
278796,"31-01-2012 00:00:00",42.5,11
278796,"29-02-2012 00:00:00",23.5,0
278796,"31-03-2012 00:00:00",22,0
278796,"30-04-2012 00:00:00",98,0
278796,"31-05-2012 00:00:00",29.5,0
278796,"30-06-2012 00:00:00",130,11
278796,"31-07-2012 00:00:00",89.5,0
278796,"31-08-2012 00:00:00",38.5,0
278796,"30-09-2012 00:00:00",41.5,0
278796,"31-10-2012 00:00:00",90,0
278796,"30-11-2012 00:00:00",86,11
278796,"31-01-2013 00:00:00",62,0
278796,"28-02-2013 00:00:00",45.5,0
278796,"31-03-2013 00:00:00",69.5,0
278796,"30-04-2013 00:00:00",34,0
278796,"31-05-2013 00:00:00",55,0
278796,"30-06-2013 00:00:00",27,11
278796,"31-07-2013 00:00:00",51,0
278796,"31-08-2013 00:00:00",53,0
278796,"30-09-2013 00:00:00",48.5,0
278796,"31-10-2013 00:00:00",89,0
278796,"30-11-2013 00:00:00",54,0
278796,"31-12-2013 00:00:00",109.5,0
278796,"31-01-2014 00:00:00",153.5,0
278796,"28-02-2014 00:00:00",105,11
278796,"30-04-2014 00:00:00",47.5,0
278796,"31-05-2014 00:00:00",69.3,0
278796,"30-06-2014 00:00:00",29.8,0
278796,"31-07-2014 00:00:00",30,0
278796,"31-08-2014 00:00:00",74.5,0
278796,"30-09-2014 00:00:00",13,0
278796,"31-10-2014 00:00:00",93,11
278796,"30-11-2014 00:00:00",112,11
278796,"31-12-2014 00:00:00",50,0
278796,"31-01-2015 00:00:00",71,0
278796,"28-02-2015 00:00:00",58.5,0
278796,"31-03-2015 00:00:00",21,0
278796,"30-04-2015 00:00:00",19.5,0
278796,"31-05-2015 00:00:00",59,0
278796,"30-06-2015 00:00:00",36,0
278796,"31-07-2015 00:00:00",67,0
278796,"31-08-2015 00:00:00",89,0
278796,"30-09-2015 00:00:00",42,0
278796,"31-10-2015 00:00:00",55,0
278796,"30-11-2015 00:00:00",86,0
278796,"31-12-2015 00:00:00",57,11
278796,"31-01-2016 00:00:00",101,11
278796,"29-02-2016 00:00:00",39,0
278796,"31-03-2016 00:00:00",73,0
278796,"30-04-2016 00:00:00",50,0
278796,"31-05-2016 00:00:00",41,0
278796,"30-06-2016 00:00:00",114,0
278796,"31-07-2016 00:00:00",10,0
278796,"31-08-2016 00:00:00",25.5,0
278796,"30-09-2016 00:00:00",118,11
278796,"31-10-2016 00:00:00",23.5,11
278796,"30-11-2016 00:00:00",86,0
278796,"31-12-2016 00:00:00",26,0
278796,"31-01-2017 00:00:00",70,0
278796,"28-02-2017 00:00:00",32,0
278796,"31-03-2017 00:00:00",37,0
278796,"30-04-2017 00:00:00",10,0
278796,"31-05-2017 00:00:00",63.5,0
278796,"30-06-2017 00:00:00",40,0
278796,"31-07-2017 00:00:00",82.5,0
278796,"31-08-2017 00:00:00",60,0
278796,"30-09-2017 00:00:00",62,0
278796,"31-10-2017 00:00:00",12,0
278796,"30-11-2017 00:00:00",37,11
278796,"31-12-2017 00:00:00",105,0
278796,"31-01-2018 00:00:00",66.2,11
278796,"28-02-2018 00:00:00",45,0
278796,"30-04-2018 00:00:00",47,0
278796,"31-05-2018 00:00:00",51,0
278796,"30-06-2018 00:00:00",0,0
278796,"31-07-2018 00:00:00",17,0
278796,"31-08-2018 00:00:00",63,0
278796,"30-09-2018 00:00:00",37,0
278796,"31-10-2018 00:00:00",74,11
278796,"30-11-2018 00:00:00",78,11
278796,"31-12-2018 00:00:00",76,0
278796,"31-01-2019 00:00:00",36,11
278796,"28-02-2019 00:00:00",40,11
278796,"31-03-2019 00:00:00",51,11
278796,"30-04-2019 00:00:00",12,0
278796,"31-05-2019 00:00:00",28,0
278796,"31-07-2019 00:00:00",47.2,0
278796,"31-08-2019 00:00:00",39,0
278796,"30-09-2019 00:00:00",79,0
278796,"31-10-2019 00:00:00",96,0
278796,"30-11-2019 00:00:00",79,0
278796,"31-12-2019 00:00:00",99,0
278796,"31-01-2020 00:00:00",66,0
278796,"29-02-2020 00:00:00",96,11
278932,"30-11-2019 00:00:00",72.6,16
279021,"31-12-2017 00:00:00",107.3,16
279021,"31-01-2021 00:00:00",126.2,16
279021,"30-04-2021 00:00:00",6,16
279021,"31-05-2021 00:00:00",113.9,16
279021,"31-08-2021 00:00:00",40.7,16
279021,"30-09-2021 00:00:00",53,16
279021,"31-12-2021 00:00:00",77.9,16
279021,"31-01-2022 00:00:00",93.1,16
279021,"31-03-2022 00:00:00",137.7,16
279021,"30-06-2022 00:00:00",29,16
279021,"31-07-2022 00:00:00",110.1,16
279021,"31-08-2022 00:00:00",57.2,16
279021,"30-09-2022 00:00:00",71.7,16
279021,"31-10-2022 00:00:00",176.3,16
279021,"30-11-2022 00:00:00",116,16
279021,"31-01-2024 00:00:00",86.9,16
279021,"29-02-2024 00:00:00",140.8,16
279021,"31-03-2024 00:00:00",95.5,16
279021,"30-04-2024 00:00:00",86.6,16
279021,"31-05-2024 00:00:00",82,16
279021,"30-06-2024 00:00:00",22,16
279021,"31-07-2024 00:00:00",94.6,16
279021,"31-08-2024 00:00:00",28.9,16
279021,"30-09-2024 00:00:00",179.9,16
279048,"30-06-1996 00:00:00",13,0
279048,"31-12-1996 00:00:00",26.9,0
279048,"31-12-1997 00:00:00",66.8,16
279048,"31-05-2002 00:00:00",80,16
279048,"30-04-2003 00:00:00",36,16
279048,"31-05-2005 00:00:00",29.1,16
279048,"31-10-2005 00:00:00",70,16
279048,"31-01-2006 00:00:00",26,16
279048,"28-02-2006 00:00:00",44.2,16
279048,"30-06-2007 00:00:00",109,16
279048,"31-07-2007 00:00:00",103.5,16
279048,"31-08-2007 00:00:00",59.6,16
279048,"30-09-2007 00:00:00",33.5,16
279048,"31-10-2007 00:00:00",65.4,16
279048,"30-11-2007 00:00:00",79.8,16
279048,"31-12-2007 00:00:00",64,16
279048,"31-01-2008 00:00:00",96,16
279048,"29-02-2008 00:00:00",19,16
279048,"31-03-2008 00:00:00",95.3,16
279048,"30-04-2008 00:00:00",43.9,16
279048,"31-05-2008 00:00:00",65.4,16
279048,"30-06-2008 00:00:00",72.9,16
279048,"31-07-2008 00:00:00",85,16
279271,"30-09-2004 00:00:00",21.5,16
279271,"30-04-2007 00:00:00",2,16
279271,"31-07-2007 00:00:00",72.7,16
258727,"28-02-2001 00:00:00",70.4,16
258727,"31-05-2001 00:00:00",50,16
258727,"31-05-2002 00:00:00",52,16
258728,"30-09-2004 00:00:00",24.1,16
258728,"31-10-2004 00:00:00",110.7,16
258728,"31-03-2005 00:00:00",45.4,16
261602,"30-11-2002 00:00:00",150,16
261602,"31-01-2003 00:00:00",90,16
261602,"31-07-2006 00:00:00",48.8,16
261602,"31-08-2006 00:00:00",70.1,16
261602,"31-10-2006 00:00:00",110.5,16
261602,"31-07-2008 00:00:00",80,16
261602,"31-08-2008 00:00:00",95,16
261602,"28-02-2009 00:00:00",60.4,16
261602,"31-01-2010 00:00:00",57.5,16
261602,"28-02-2010 00:00:00",76,16
261602,"31-08-2011 00:00:00",70,16
261602,"30-09-2012 00:00:00",42.5,16
261602,"31-01-2022 00:00:00",85,16
261602,"31-10-2022 00:00:00",128.9,16
261602,"30-11-2022 00:00:00",83.9,16
261602,"30-06-2024 00:00:00",21.5,16
261666,"31-12-1997 00:00:00",44.6,16
261849,"30-06-2005 00:00:00",41.6,16
261923,"31-03-2004 00:00:00",37.8,16
261923,"30-06-2004 00:00:00",18.6,16
261923,"30-11-2005 00:00:00",37,16
261923,"31-03-2013 00:00:00",65,16
261923,"31-01-2020 00:00:00",62.6,16
261923,"31-12-2021 00:00:00",59.2,16
262173,"31-01-1996 00:00:00",30.2,0
262952,"30-06-2022 00:00:00",27,16
263709,"31-05-1998 00:00:00",30.3,16
263709,"31-05-2020 00:00:00",1.6,16
263791,"31-01-1986 00:00:00",85,0
263791,"28-02-1986 00:00:00",19.1,0
263791,"31-03-1986 00:00:00",53.6,0
263791,"30-04-1986 00:00:00",68,0
263791,"31-05-1986 00:00:00",82,0
263791,"30-06-1986 00:00:00",21,0
263791,"31-07-1986 00:00:00",30,0
263791,"31-08-1986 00:00:00",130.5,0
263791,"30-09-1986 00:00:00",40.5,0
263791,"31-10-1986 00:00:00",89,0
263791,"30-11-1986 00:00:00",82,0
263791,"31-12-1986 00:00:00",84.5,0
263791,"31-01-1987 00:00:00",20,0
263791,"28-02-1987 00:00:00",31.5,0
263791,"31-03-1987 00:00:00",72,0
263791,"30-04-1987 00:00:00",58,0
263791,"31-05-1987 00:00:00",60.5,0
263791,"30-06-1987 00:00:00",91,0
263791,"31-07-1987 00:00:00",62,0
263791,"31-08-1987 00:00:00",41,0
263791,"30-09-1987 00:00:00",51,0
263791,"31-10-1987 00:00:00",156,0
263791,"30-11-1987 00:00:00",62,0
263791,"31-12-1987 00:00:00",29.1,0
263791,"31-01-1988 00:00:00",116.5,0
263791,"29-02-1988 00:00:00",32,0
263791,"31-03-1988 00:00:00",56,0
263791,"30-04-1988 00:00:00",24,0
263791,"31-05-1988 00:00:00",63,0
263791,"30-06-1988 00:00:00",55,0
263791,"31-07-1988 00:00:00",99,0
263791,"31-08-1988 00:00:00",55,0
263791,"30-09-1988 00:00:00",57,0
263791,"31-10-1988 00:00:00",62,0
263791,"30-11-1988 00:00:00",30.5,0
263791,"31-12-1988 00:00:00",12,0
263791,"31-01-1989 00:00:00",34,0
263791,"28-02-1989 00:00:00",60,0
263791,"31-03-1989 00:00:00",56,0
263791,"30-04-1989 00:00:00",85,0
263791,"31-05-1989 00:00:00",8,0
263791,"30-06-1989 00:00:00",35,0
263791,"31-07-1989 00:00:00",16,0
263791,"31-08-1989 00:00:00",35,0
263791,"30-09-1989 00:00:00",22,0
263791,"31-10-1989 00:00:00",56,0
263791,"30-11-1989 00:00:00",36,0
263791,"31-12-1989 00:00:00",145,0
263791,"31-01-1990 00:00:00",90,0
263791,"28-02-1990 00:00:00",105,0
263791,"31-03-1990 00:00:00",23,0
263791,"30-04-1990 00:00:00",27,0
263791,"31-05-1990 00:00:00",4,0
263791,"30-06-1990 00:00:00",49,0
263791,"31-07-1990 00:00:00",13,0
263791,"31-08-1990 00:00:00",43,0
263791,"30-09-1990 00:00:00",32,0
263791,"31-10-1990 00:00:00",75,0
263791,"30-11-1990 00:00:00",33,0
263791,"31-12-1990 00:00:00",73,0
263791,"31-01-1991 00:00:00",71,0
263791,"28-02-1991 00:00:00",40,0
263791,"31-03-1991 00:00:00",38,0
263791,"30-04-1991 00:00:00",75,0
263791,"31-05-1991 00:00:00",11,0
263791,"30-06-1991 00:00:00",118,0
263791,"31-07-1991 00:00:00",83,0
263791,"31-08-1991 00:00:00",18,0
263791,"30-09-1991 00:00:00",50,0
263791,"31-10-1991 00:00:00",51,0
263791,"30-11-1991 00:00:00",62,0
263791,"31-12-1991 00:00:00",16,0
263791,"31-01-1992 00:00:00",22,0
263791,"29-02-1992 00:00:00",30,0
263791,"31-03-1992 00:00:00",55,0
263791,"30-04-1992 00:00:00",75,0
263791,"31-05-1992 00:00:00",70,0
263791,"30-06-1992 00:00:00",46,0
263791,"31-07-1992 00:00:00",77,0
263791,"31-08-1992 00:00:00",126,0
263791,"30-09-1992 00:00:00",117,0
263791,"31-10-1992 00:00:00",73,0
263791,"30-11-1992 00:00:00",127,0
263791,"31-12-1992 00:00:00",55,0
263791,"31-01-1993 00:00:00",90,0
263791,"28-02-1993 00:00:00",7.4,0
263791,"31-03-1993 00:00:00",25,0
263791,"30-04-1993 00:00:00",108,0
263791,"31-05-1993 00:00:00",50,0
263791,"30-06-1993 00:00:00",50,0
263791,"31-07-1993 00:00:00",53,0
263791,"31-08-1993 00:00:00",43,0
263791,"30-09-1993 00:00:00",100,0
263791,"31-10-1993 00:00:00",113,0
263791,"30-11-1993 00:00:00",55,0
263791,"31-12-1993 00:00:00",97,0
263791,"31-01-1994 00:00:00",94,0
263791,"28-02-1994 00:00:00",85,0
263791,"31-03-1994 00:00:00",41,0
263791,"30-04-1994 00:00:00",50,0
263791,"31-05-1994 00:00:00",94,0
263791,"30-06-1994 00:00:00",33,0
263791,"31-07-1994 00:00:00",11,0
263791,"31-08-1994 00:00:00",62,0
263791,"30-09-1994 00:00:00",76,0
263791,"31-10-1994 00:00:00",88,0
263791,"30-11-1994 00:00:00",71,0
263791,"31-12-1994 00:00:00",73.5,0
263791,"31-01-1995 00:00:00",136.5,0
263791,"28-02-1995 00:00:00",67.5,0
263791,"31-03-1995 00:00:00",46.5,0
263791,"30-04-1995 00:00:00",21.7,0
263791,"31-05-1995 00:00:00",32.5,0
263791,"30-06-1995 00:00:00",12.2,0
263791,"31-07-1995 00:00:00",34,0
263791,"31-08-1995 00:00:00",2,0
263791,"30-09-1995 00:00:00",149.7,0
263791,"31-10-1995 00:00:00",45,0
263791,"30-11-1995 00:00:00",88,0
263791,"31-12-1995 00:00:00",89.5,0
263791,"31-01-1996 00:00:00",49.5,0
263791,"29-02-1996 00:00:00",79.5,0
263791,"31-03-1996 00:00:00",37,0
263791,"30-04-1996 00:00:00",57.5,0
263791,"31-05-1996 00:00:00",28,0
263791,"30-06-1996 00:00:00",12.5,0
263791,"31-07-1996 00:00:00",31.5,0
263791,"31-08-1996 00:00:00",52,0
263791,"30-09-1996 00:00:00",8,0
263791,"31-10-1996 00:00:00",39,0
263791,"30-11-1996 00:00:00",123,0
263791,"31-12-1996 00:00:00",20,0
263791,"31-01-1997 00:00:00",13.5,0
263791,"28-02-1997 00:00:00",58,0
263791,"31-03-1997 00:00:00",8,0
263791,"30-04-1997 00:00:00",13,0
263791,"31-05-1997 00:00:00",62.5,0
263791,"30-06-1997 00:00:00",94,0
263791,"31-07-1997 00:00:00",44.5,0
263791,"31-08-1997 00:00:00",96.5,0
263791,"30-11-1997 00:00:00",91,0
263791,"31-12-1997 00:00:00",73,0
263791,"31-01-1998 00:00:00",66,0
263791,"28-02-1998 00:00:00",6.5,0
263791,"31-03-1998 00:00:00",62,11
263791,"30-04-1998 00:00:00",114.5,0
263791,"31-05-1998 00:00:00",48,0
263791,"30-06-1998 00:00:00",79.5,0
263791,"31-07-1998 00:00:00",30.5,0
263791,"31-08-1998 00:00:00",46,0
263791,"30-09-1998 00:00:00",124,0
263791,"31-10-1998 00:00:00",111,0
263791,"30-11-1998 00:00:00",58,0
263791,"31-12-1998 00:00:00",94.5,0
263791,"31-01-1999 00:00:00",85,11
263791,"28-02-1999 00:00:00",26,0
263791,"30-04-1999 00:00:00",63.5,0
276761,"31-01-2012 00:00:00",50,11
276761,"29-02-2012 00:00:00",21,0
276761,"31-03-2012 00:00:00",19.5,0
276761,"30-04-2012 00:00:00",127,0
276761,"31-05-2012 00:00:00",33,0
276761,"30-06-2012 00:00:00",138,0
276761,"31-07-2012 00:00:00",90.6,0
276761,"31-08-2012 00:00:00",40,0
276761,"30-09-2012 00:00:00",47,0
276761,"31-10-2012 00:00:00",106,0
276761,"30-11-2012 00:00:00",89,11
276761,"31-12-2012 00:00:00",108,0
276761,"31-01-2013 00:00:00",61,0
276761,"28-02-2013 00:00:00",39,0
276761,"31-03-2013 00:00:00",65.5,0
276761,"30-04-2013 00:00:00",30,0
276761,"31-05-2013 00:00:00",51.5,0
276761,"30-06-2013 00:00:00",27,0
276761,"31-07-2013 00:00:00",39.5,0
276761,"31-08-2013 00:00:00",56,0
276761,"30-09-2013 00:00:00",58.3,0
276761,"31-10-2013 00:00:00",108,0
276761,"30-11-2013 00:00:00",65,0
276761,"31-12-2013 00:00:00",125,0
276761,"31-01-2014 00:00:00",169,0
276761,"28-02-2014 00:00:00",111,11
276761,"30-04-2014 00:00:00",32,0
276761,"31-05-2014 00:00:00",82.4,0
276761,"30-06-2014 00:00:00",29.7,0
276761,"31-07-2014 00:00:00",46,0
276761,"31-08-2014 00:00:00",86,0
276761,"30-09-2014 00:00:00",13.5,0
276761,"31-10-2014 00:00:00",101,11
276761,"30-11-2014 00:00:00",105,0
276761,"31-12-2014 00:00:00",58,0
276761,"31-01-2015 00:00:00",81,0
276761,"28-02-2015 00:00:00",59,0
276761,"31-03-2015 00:00:00",22,0
276761,"30-04-2015 00:00:00",23,0
276761,"31-05-2015 00:00:00",61,0
276761,"30-06-2015 00:00:00",38,0
276761,"31-07-2015 00:00:00",50,0
276761,"31-08-2015 00:00:00",94,0
276761,"30-09-2015 00:00:00",49,0
276761,"31-10-2015 00:00:00",87,0
276761,"30-11-2015 00:00:00",96,0
276761,"31-12-2015 00:00:00",69,11
276761,"31-01-2016 00:00:00",100,11
276761,"29-02-2016 00:00:00",51,0
276761,"31-03-2016 00:00:00",63,0
276761,"30-04-2016 00:00:00",52,0
276761,"31-05-2016 00:00:00",47,0
276761,"30-06-2016 00:00:00",110,0
276761,"31-07-2016 00:00:00",8,0
276761,"31-08-2016 00:00:00",25,0
276761,"30-09-2016 00:00:00",80.5,11
276761,"31-10-2016 00:00:00",20.5,11
276761,"30-11-2016 00:00:00",87,0
276761,"31-12-2016 00:00:00",25.5,0
276761,"31-01-2017 00:00:00",73,0
276761,"28-02-2017 00:00:00",39,0
276761,"31-03-2017 00:00:00",29.5,0
276761,"30-04-2017 00:00:00",9.5,0
276761,"31-05-2017 00:00:00",66,0
276761,"30-06-2017 00:00:00",31,0
276761,"31-07-2017 00:00:00",87,11
276761,"31-08-2017 00:00:00",61,11
276761,"30-09-2017 00:00:00",62,0
276761,"31-10-2017 00:00:00",16,0
276761,"30-11-2017 00:00:00",32,0
276761,"31-12-2017 00:00:00",107,0
276761,"31-01-2018 00:00:00",68,0
276761,"28-02-2018 00:00:00",45,0
276761,"30-04-2018 00:00:00",54,0
276761,"31-05-2018 00:00:00",49,0
276761,"30-06-2018 00:00:00",0,0
276761,"31-07-2018 00:00:00",34,0
276761,"31-08-2018 00:00:00",64,0
276761,"30-09-2018 00:00:00",33,0
276761,"31-10-2018 00:00:00",77,11
276761,"30-11-2018 00:00:00",83,11
276761,"31-12-2018 00:00:00",72,0
276761,"31-01-2019 00:00:00",42.5,11
276761,"28-02-2019 00:00:00",43.5,11
276761,"31-03-2019 00:00:00",58,11
276761,"30-04-2019 00:00:00",9,0
276761,"31-05-2019 00:00:00",32,0
276761,"31-07-2019 00:00:00",49.5,0
276761,"31-08-2019 00:00:00",43,0
276761,"30-09-2019 00:00:00",78,0
276761,"31-10-2019 00:00:00",115,0
276761,"30-11-2019 00:00:00",79,0
276761,"31-12-2019 00:00:00",116,0
276761,"31-01-2020 00:00:00",64,0
276761,"29-02-2020 00:00:00",104,11
241243,"30-06-1998 00:00:00",86.3,16
241243,"30-06-1999 00:00:00",75,16
241243,"31-07-1999 00:00:00",26.5,16
241243,"30-11-1999 00:00:00",30.9,16
241243,"31-08-2001 00:00:00",85,16
241243,"28-02-2002 00:00:00",62.8,16
241243,"31-05-2004 00:00:00",49,16
241243,"31-08-2014 00:00:00",90,16
241243,"31-07-2018 00:00:00",10.7,16
241243,"30-06-2019 00:00:00",70.1,16
241243,"30-06-2020 00:00:00",46.2,16
241243,"31-07-2022 00:00:00",79.8,16
241458,"31-01-1998 00:00:00",55.8,16
241458,"28-02-1998 00:00:00",7,16
241458,"31-03-1998 00:00:00",46.9,16
241458,"31-12-1998 00:00:00",56,16
241458,"30-06-1999 00:00:00",72.9,16
241458,"30-09-1999 00:00:00",70.8,16
241458,"30-09-2000 00:00:00",77.7,16
241458,"31-12-2000 00:00:00",72,16
241458,"31-01-2001 00:00:00",80,16
241458,"28-02-2001 00:00:00",85,16
241458,"31-08-2001 00:00:00",90,16
241458,"30-09-2001 00:00:00",70,16
241458,"31-10-2001 00:00:00",120,16
241458,"30-11-2001 00:00:00",50,16
241458,"31-12-2001 00:00:00",29,16
241458,"31-05-2002 00:00:00",70,16
241458,"31-08-2002 00:00:00",60,16
241458,"30-09-2002 00:00:00",22,16
241458,"31-10-2002 00:00:00",72,16
241458,"30-11-2002 00:00:00",125.5,16
241458,"31-12-2002 00:00:00",80,16
241458,"31-01-2003 00:00:00",81.7,16
241458,"30-04-2003 00:00:00",27.9,16
241458,"31-05-2003 00:00:00",42.5,16
241458,"30-06-2003 00:00:00",50,16
241458,"31-07-2003 00:00:00",40.2,16
241458,"31-08-2003 00:00:00",0,16
241458,"31-10-2003 00:00:00",26.3,16
241458,"30-11-2003 00:00:00",128.1,16
241458,"31-12-2003 00:00:00",68,16
241458,"31-01-2004 00:00:00",87.3,16
241458,"29-02-2004 00:00:00",16.3,16
241458,"31-03-2004 00:00:00",29,16
241458,"30-04-2004 00:00:00",63.5,16
241458,"31-05-2004 00:00:00",55.6,16
241458,"30-06-2004 00:00:00",27.7,16
241458,"31-07-2004 00:00:00",48.7,16
241458,"31-08-2004 00:00:00",98.5,16
241458,"30-09-2004 00:00:00",24.6,16
241458,"31-10-2004 00:00:00",82.5,16
241458,"30-11-2004 00:00:00",51.5,16
241458,"31-12-2004 00:00:00",30.7,16
241458,"31-01-2005 00:00:00",21.9,16
241458,"28-02-2005 00:00:00",25.5,16
241458,"31-03-2005 00:00:00",30.2,16
241458,"30-04-2005 00:00:00",38.4,16
241458,"31-05-2005 00:00:00",37.9,16
241458,"30-09-2005 00:00:00",56,16
241458,"31-10-2005 00:00:00",71,16
241458,"30-11-2005 00:00:00",44.1,16
241458,"31-12-2005 00:00:00",21.9,16
241458,"28-02-2006 00:00:00",35,16
241458,"30-04-2006 00:00:00",38,16
241458,"31-05-2006 00:00:00",76.1,16
241458,"30-06-2006 00:00:00",16.8,16
241458,"31-07-2006 00:00:00",18.8,16
241458,"31-08-2006 00:00:00",92.6,16
241458,"30-09-2006 00:00:00",41,16
241458,"30-11-2006 00:00:00",80.8,16
241458,"31-12-2006 00:00:00",69.6,16
241458,"31-01-2007 00:00:00",71.2,16
241458,"28-02-2007 00:00:00",80,16
241458,"31-03-2007 00:00:00",48.5,16
241458,"30-04-2007 00:00:00",0,16
241458,"31-07-2007 00:00:00",54,16
241458,"31-08-2007 00:00:00",66.3,16
241458,"30-09-2007 00:00:00",27.1,16
241458,"31-10-2007 00:00:00",47,16
241458,"30-11-2007 00:00:00",47,16
241458,"31-12-2007 00:00:00",48,16
241458,"31-01-2008 00:00:00",80.2,16
241458,"29-02-2008 00:00:00",26.9,16
241458,"31-03-2008 00:00:00",67.7,16
241458,"30-04-2008 00:00:00",46.5,16
241458,"31-05-2008 00:00:00",80,16
241458,"30-06-2008 00:00:00",30,16
241458,"31-07-2008 00:00:00",74.8,16
241458,"31-08-2008 00:00:00",62.4,16
241458,"30-09-2008 00:00:00",43.5,16
241458,"31-10-2008 00:00:00",55.1,16
241458,"30-11-2008 00:00:00",77.1,16
241458,"31-12-2008 00:00:00",26,16
241458,"31-01-2009 00:00:00",53.3,16
241458,"28-02-2009 00:00:00",61.5,16
241458,"31-03-2009 00:00:00",30,16
241458,"31-05-2009 00:00:00",34.5,16
241458,"31-07-2009 00:00:00",72,16
241458,"30-09-2009 00:00:00",9,16
241458,"30-11-2009 00:00:00",127.5,16
241458,"31-12-2009 00:00:00",71,16
241458,"28-02-2010 00:00:00",75,16
241458,"31-03-2010 00:00:00",29,16
241458,"31-05-2010 00:00:00",27.5,16
241458,"31-08-2010 00:00:00",130,16
241458,"31-01-2011 00:00:00",75,16
241458,"28-02-2011 00:00:00",42,16
241458,"31-03-2011 00:00:00",5.5,16
241458,"30-04-2011 00:00:00",6.5,16
241458,"30-06-2011 00:00:00",70,16
241458,"31-07-2011 00:00:00",42,16
241458,"31-08-2011 00:00:00",55.5,16
241458,"30-09-2011 00:00:00",22,16
241458,"31-10-2011 00:00:00",22.8,16
241458,"30-11-2011 00:00:00",26.8,16
241458,"31-01-2012 00:00:00",40,16
241458,"29-02-2012 00:00:00",22,16
241458,"31-03-2012 00:00:00",22.7,16
241458,"30-04-2012 00:00:00",113,16
241458,"31-05-2012 00:00:00",55,16
241458,"30-06-2012 00:00:00",123.5,16
246690,"31-03-2010 00:00:00",0,16
246692,"31-08-1996 00:00:00",54,16
246692,"30-09-1996 00:00:00",25,16
246692,"30-06-2004 00:00:00",36.6,16
246692,"31-07-2007 00:00:00",72.7,16
246692,"30-09-2007 00:00:00",23,16
246692,"31-01-2008 00:00:00",84.7,16
246692,"31-07-2010 00:00:00",11.9,16
246692,"31-12-2011 00:00:00",65.6,16
246850,"31-03-2022 00:00:00",91.6,16
246850,"29-02-2024 00:00:00",108.7,16
247302,"28-02-1997 00:00:00",60.7,16
247302,"30-09-1998 00:00:00",118.2,16
247302,"31-10-1998 00:00:00",99.5,16
247344,"31-07-2003 00:00:00",28.6,16
247344,"31-01-2006 00:00:00",17.2,16
247344,"28-02-2006 00:00:00",41.2,16
247344,"31-10-2022 00:00:00",118.2,16
247345,"31-12-1995 00:00:00",0,0
247536,"31-07-2003 00:00:00",28.8,16
247536,"30-06-2007 00:00:00",54.4,16
247536,"31-08-2007 00:00:00",41,16
247536,"30-09-2007 00:00:00",17.4,16
247536,"31-08-2008 00:00:00",64.4,16
247570,"31-01-2001 00:00:00",73,16
247669,"31-12-2002 00:00:00",123.1,16
247669,"31-07-2005 00:00:00",32,16
247669,"31-10-2005 00:00:00",75,16
247669,"30-11-2005 00:00:00",27,16
247669,"31-12-2005 00:00:00",45,16
247669,"31-03-2006 00:00:00",43,16
247669,"30-04-2006 00:00:00",38,16
247669,"30-06-2006 00:00:00",21.4,16
247669,"31-07-2006 00:00:00",78.7,16
247669,"30-04-2007 00:00:00",2.3,16
247669,"31-12-2007 00:00:00",40,16
247669,"29-02-2008 00:00:00",8.1,16
247669,"30-06-2008 00:00:00",34.9,16
247669,"31-07-2008 00:00:00",54.6,16
247669,"30-09-2008 00:00:00",40,16
247669,"31-10-2008 00:00:00",40,16
247669,"30-11-2008 00:00:00",57.6,16
247669,"31-12-2008 00:00:00",39,16
247669,"31-01-2009 00:00:00",70,16
247669,"31-03-2009 00:00:00",27.2,16
247669,"30-04-2009 00:00:00",15.3,16
287051,"31-01-2009 00:00:00",65,16
287051,"28-02-2009 00:00:00",60,16
287051,"31-03-2009 00:00:00",30,16
287051,"31-05-2009 00:00:00",27,16
287051,"30-06-2009 00:00:00",25,16
287051,"31-10-2009 00:00:00",35,16
287051,"31-12-2010 00:00:00",23,16
287051,"31-03-2013 00:00:00",52.5,16
287051,"31-07-2014 00:00:00",35,16
287052,"31-03-1996 00:00:00",0,0
287052,"31-08-2006 00:00:00",63.8,16
246261,"30-06-2003 00:00:00",38,16
246261,"31-07-2004 00:00:00",30.8,16
246261,"31-05-2008 00:00:00",73,16
246261,"30-06-2008 00:00:00",28,16
246261,"31-07-2008 00:00:00",49.3,16
246261,"31-08-2008 00:00:00",50,16
246261,"30-09-2008 00:00:00",40.7,16
246261,"30-11-2008 00:00:00",62,16
246261,"30-04-2009 00:00:00",25,16
246261,"31-05-2009 00:00:00",25.9,16
246261,"30-06-2009 00:00:00",30,16
246261,"31-01-2010 00:00:00",53.2,16
246261,"28-02-2010 00:00:00",94.5,16
246261,"31-03-2010 00:00:00",32.1,16
246261,"30-04-2010 00:00:00",21.5,16
246261,"31-12-2010 00:00:00",25,16
246262,"31-12-1997 00:00:00",60,16
246262,"30-09-2005 00:00:00",50,16
246262,"31-10-2005 00:00:00",83,16
246262,"30-11-2005 00:00:00",29,16
246262,"31-03-2007 00:00:00",39.7,16
246262,"30-09-2007 00:00:00",22.2,16
246262,"31-10-2007 00:00:00",38,16
246262,"31-03-2008 00:00:00",70,16
246262,"30-11-2009 00:00:00",144.2,16
246262,"31-08-2013 00:00:00",52.5,16
246262,"30-09-2013 00:00:00",55,16
246262,"31-10-2013 00:00:00",100,16
246262,"30-11-2013 00:00:00",53,16
246263,"31-03-1996 00:00:00",0,0
246263,"31-12-1997 00:00:00",54.7,16
246263,"31-10-1998 00:00:00",115,16
246263,"31-10-2002 00:00:00",59,16
246263,"30-11-2002 00:00:00",151.2,16
246263,"31-01-2003 00:00:00",68.7,16
246263,"30-04-2003 00:00:00",17.5,16
246263,"30-06-2003 00:00:00",38,16
246263,"31-07-2003 00:00:00",30.9,16
246263,"31-08-2003 00:00:00",5.5,16
246263,"30-09-2003 00:00:00",22.5,16
246263,"31-10-2003 00:00:00",30.4,16
246263,"30-11-2003 00:00:00",99.3,16
246263,"31-03-2004 00:00:00",28.4,16
246263,"30-04-2004 00:00:00",61.6,16
246263,"31-05-2004 00:00:00",56,16
246263,"30-06-2004 00:00:00",44.6,16
246263,"31-08-2004 00:00:00",71.4,16
246263,"31-10-2004 00:00:00",78.1,16
246263,"30-11-2004 00:00:00",32,16
246263,"31-12-2004 00:00:00",44.2,16
246263,"31-01-2005 00:00:00",19.2,16
246263,"28-02-2005 00:00:00",21,16
246263,"31-03-2005 00:00:00",33,16
246263,"30-04-2005 00:00:00",19.8,16
246263,"31-07-2005 00:00:00",52.4,16
246263,"31-08-2005 00:00:00",37,16
246263,"31-12-2006 00:00:00",68,16
246263,"28-02-2007 00:00:00",92.5,16
246263,"30-06-2007 00:00:00",57,16
246263,"31-07-2007 00:00:00",83.4,16
246263,"31-08-2007 00:00:00",43.8,16
246356,"31-07-2010 00:00:00",18,16
246356,"30-09-2010 00:00:00",42,16
246356,"30-04-2013 00:00:00",35.5,16
276394,"31-01-2012 00:00:00",41.5,11
276394,"29-02-2012 00:00:00",25,0
276394,"31-03-2012 00:00:00",18,0
276394,"30-04-2012 00:00:00",128.5,0
276394,"31-05-2012 00:00:00",41.5,0
276394,"30-06-2012 00:00:00",134.5,0
276394,"31-07-2012 00:00:00",92.5,0
276394,"31-08-2012 00:00:00",29,0
276394,"30-09-2012 00:00:00",39.5,0
276394,"31-10-2012 00:00:00",88.5,0
276394,"30-11-2012 00:00:00",83.5,11
276394,"31-12-2012 00:00:00",97.5,0
276394,"31-01-2013 00:00:00",61.5,0
276394,"28-02-2013 00:00:00",34.5,0
276394,"31-03-2013 00:00:00",54.5,0
276394,"30-04-2013 00:00:00",31.5,0
276394,"31-05-2013 00:00:00",49,0
276394,"30-06-2013 00:00:00",30.5,0
276394,"31-07-2013 00:00:00",44,0
276394,"31-08-2013 00:00:00",57,0
276394,"30-09-2013 00:00:00",55.5,0
276394,"31-10-2013 00:00:00",84,0
276394,"30-11-2013 00:00:00",60,0
276394,"31-12-2013 00:00:00",125,0
276394,"28-02-2014 00:00:00",109,11
276394,"30-04-2014 00:00:00",23,0
276394,"31-05-2014 00:00:00",83.1,0
276394,"30-06-2014 00:00:00",20.5,0
276394,"31-07-2014 00:00:00",49.5,0
276394,"31-08-2014 00:00:00",82,0
276394,"30-09-2014 00:00:00",18,0
276394,"31-10-2014 00:00:00",90,11
276394,"30-11-2014 00:00:00",87,0
276394,"31-12-2014 00:00:00",47,0
276394,"31-01-2015 00:00:00",76,0
276394,"28-02-2015 00:00:00",48,0
276394,"31-03-2015 00:00:00",19,0
276394,"30-04-2015 00:00:00",21,0
276394,"31-05-2015 00:00:00",53.5,0
276394,"30-06-2015 00:00:00",21,0
276394,"31-07-2015 00:00:00",101,0
276394,"31-08-2015 00:00:00",87,0
276394,"30-09-2015 00:00:00",38,0
276394,"31-10-2015 00:00:00",53,0
276394,"30-11-2015 00:00:00",82,0
276394,"31-12-2015 00:00:00",66,11
276394,"31-01-2016 00:00:00",89,11
276394,"29-02-2016 00:00:00",38,0
276394,"31-03-2016 00:00:00",68,0
276394,"30-04-2016 00:00:00",47,0
276394,"31-05-2016 00:00:00",26,0
276394,"30-06-2016 00:00:00",115,0
276394,"31-07-2016 00:00:00",15,0
276394,"31-08-2016 00:00:00",14.5,0
276394,"30-09-2016 00:00:00",66,11
276394,"31-10-2016 00:00:00",23,11
276394,"30-11-2016 00:00:00",77,0
276394,"31-12-2016 00:00:00",24.5,0
276394,"31-01-2017 00:00:00",60.5,0
276394,"28-02-2017 00:00:00",36,0
276394,"31-03-2017 00:00:00",28,0
276394,"30-04-2017 00:00:00",6.5,0
276394,"31-05-2017 00:00:00",54,0
276394,"30-06-2017 00:00:00",31,0
276394,"31-07-2017 00:00:00",86.5,0
276394,"31-08-2017 00:00:00",66,0
276394,"30-09-2017 00:00:00",52,0
276394,"31-10-2017 00:00:00",22,0
276394,"30-11-2017 00:00:00",31,0
276394,"31-12-2017 00:00:00",94,0
276394,"31-01-2018 00:00:00",64,0
276394,"28-02-2018 00:00:00",39,0
276394,"30-04-2018 00:00:00",42,0
276394,"31-05-2018 00:00:00",58,0
276394,"30-06-2018 00:00:00",1,0
276394,"31-07-2018 00:00:00",15,0
276394,"31-08-2018 00:00:00",64,0
276394,"30-09-2018 00:00:00",36,0
276394,"31-10-2018 00:00:00",78,11
276394,"30-11-2018 00:00:00",78,11
276394,"31-12-2018 00:00:00",55,0
276394,"31-01-2019 00:00:00",38,11
276394,"28-02-2019 00:00:00",35,11
276394,"31-03-2019 00:00:00",55,11
276394,"30-04-2019 00:00:00",16,0
276394,"31-07-2019 00:00:00",36.4,0
276394,"31-08-2019 00:00:00",32,0
276394,"30-09-2019 00:00:00",53,0
276394,"31-10-2019 00:00:00",120,0
276394,"30-11-2019 00:00:00",69,0
276394,"31-12-2019 00:00:00",100,0
276394,"31-01-2020 00:00:00",69,0
276394,"29-02-2020 00:00:00",100,11
276431,"31-08-1999 00:00:00",105.8,16
276431,"31-07-2000 00:00:00",54,16
276431,"30-11-2000 00:00:00",130,16
276431,"31-03-2001 00:00:00",105,16
276431,"30-04-2001 00:00:00",86.5,16
276431,"31-05-2001 00:00:00",65.3,16
276431,"30-06-2001 00:00:00",30,16
276431,"31-07-2001 00:00:00",51.3,16
276431,"31-08-2001 00:00:00",83.5,16
276431,"30-09-2001 00:00:00",60,16
276431,"31-01-2002 00:00:00",73.2,0
276431,"28-02-2002 00:00:00",75.4,0
276431,"31-03-2002 00:00:00",41.8,0
276431,"30-04-2002 00:00:00",42,0
276431,"31-05-2002 00:00:00",91.2,0
276431,"30-06-2002 00:00:00",39.2,0
276431,"31-07-2002 00:00:00",88.9,0
276431,"31-08-2002 00:00:00",70.3,0
276431,"30-09-2002 00:00:00",27,0
276431,"31-10-2002 00:00:00",77.4,0
276431,"30-11-2002 00:00:00",150,11
276431,"31-12-2002 00:00:00",121.6,0
276431,"31-01-2003 00:00:00",59.5,0
276431,"28-02-2003 00:00:00",18.1,0
276431,"31-03-2003 00:00:00",15.6,0
276431,"30-11-2003 00:00:00",134,0
276431,"31-12-2003 00:00:00",64,0
276431,"31-01-2004 00:00:00",79.1,0
276431,"29-02-2004 00:00:00",20.5,0
276431,"31-03-2004 00:00:00",42,0
276431,"30-04-2004 00:00:00",66.2,11
276431,"31-05-2004 00:00:00",52.1,11
276431,"30-06-2004 00:00:00",25,0
276431,"31-07-2004 00:00:00",45.3,0
276431,"31-08-2004 00:00:00",79.1,0
276431,"30-09-2004 00:00:00",18.5,0
276431,"31-10-2004 00:00:00",113.2,0
276431,"30-11-2004 00:00:00",46,0
276431,"31-12-2004 00:00:00",38.3,0
276431,"31-01-2005 00:00:00",24.5,0
276431,"28-02-2005 00:00:00",23.8,0
276431,"31-03-2005 00:00:00",33.6,0
276431,"30-04-2005 00:00:00",70,0
276431,"31-05-2005 00:00:00",20.9,0
276431,"30-06-2005 00:00:00",50.6,0
276431,"31-08-2005 00:00:00",51.7,0
276431,"30-09-2005 00:00:00",51.5,0
276431,"31-10-2005 00:00:00",75.5,0
276431,"30-11-2005 00:00:00",38.5,0
276431,"31-12-2005 00:00:00",36,0
276431,"31-01-2006 00:00:00",19.5,0
276431,"28-02-2006 00:00:00",33,0
276431,"31-03-2006 00:00:00",42,0
276431,"30-04-2006 00:00:00",40,0
276431,"31-05-2006 00:00:00",79,0
276431,"30-06-2006 00:00:00",12,0
276431,"31-07-2006 00:00:00",10,0
276431,"31-08-2006 00:00:00",63,0
276431,"30-09-2006 00:00:00",50.5,0
276431,"31-10-2006 00:00:00",68.5,0
276431,"30-11-2006 00:00:00",95.5,0
276431,"31-12-2006 00:00:00",79,0
276431,"31-03-2007 00:00:00",43.5,0
276431,"30-04-2007 00:00:00",0,0
276431,"31-05-2007 00:00:00",119,0
276431,"30-06-2007 00:00:00",45,0
276431,"31-07-2007 00:00:00",70,0
276431,"31-08-2007 00:00:00",43.5,0
276431,"30-09-2007 00:00:00",14,0
276431,"31-10-2007 00:00:00",51,0
276431,"31-12-2007 00:00:00",69,0
276431,"31-01-2008 00:00:00",92,0
276431,"29-02-2008 00:00:00",11,0
276431,"31-03-2008 00:00:00",83,0
276431,"30-04-2008 00:00:00",35.5,0
276431,"31-05-2008 00:00:00",95.5,0
276431,"30-06-2008 00:00:00",30,11
276431,"31-07-2008 00:00:00",56,11
276431,"31-08-2008 00:00:00",73,0
276431,"30-09-2008 00:00:00",39,0
276431,"31-10-2008 00:00:00",67.5,0
276431,"30-11-2008 00:00:00",61.5,0
276431,"28-02-2009 00:00:00",75,11
276431,"31-03-2009 00:00:00",30,0
276431,"30-04-2009 00:00:00",38.5,0
276431,"31-05-2009 00:00:00",23,11
276431,"31-07-2009 00:00:00",68,0
276431,"31-08-2009 00:00:00",46.5,0
276431,"30-09-2009 00:00:00",10,0
276431,"31-10-2009 00:00:00",44,0
276431,"30-11-2009 00:00:00",125,0
276431,"31-12-2009 00:00:00",73,0
276431,"31-01-2010 00:00:00",47,0
276431,"28-02-2010 00:00:00",78,0
276431,"31-03-2010 00:00:00",26.5,0
276431,"30-04-2010 00:00:00",11.5,0
276431,"31-05-2010 00:00:00",40,0
276431,"30-06-2010 00:00:00",16,11
276431,"31-07-2010 00:00:00",12.3,0
276431,"31-08-2010 00:00:00",132,0
276431,"30-09-2010 00:00:00",50,11
276431,"31-10-2010 00:00:00",68,0
276431,"30-11-2010 00:00:00",43.5,0
276431,"31-12-2010 00:00:00",26.5,0
276431,"31-01-2011 00:00:00",73,0
276431,"28-02-2011 00:00:00",41,0
276431,"31-03-2011 00:00:00",7.5,0
276431,"30-04-2011 00:00:00",0,0
276431,"31-05-2011 00:00:00",15.5,0
276431,"30-06-2011 00:00:00",83,0
276431,"31-07-2011 00:00:00",42,0
276431,"31-08-2011 00:00:00",65,0
276431,"30-09-2011 00:00:00",33.5,0
276431,"31-10-2011 00:00:00",13.5,0
276431,"30-11-2011 00:00:00",34.5,0
276431,"31-12-2011 00:00:00",61.5,11
276431,"31-01-2012 00:00:00",41,11
276431,"29-02-2012 00:00:00",21,0
276431,"31-03-2012 00:00:00",16,0
276431,"30-04-2012 00:00:00",135.5,0
276431,"31-05-2012 00:00:00",45.5,0
276431,"30-06-2012 00:00:00",138.5,0
276431,"31-07-2012 00:00:00",90,0
276431,"31-08-2012 00:00:00",29,0
276431,"30-09-2012 00:00:00",35.5,0
276431,"31-10-2012 00:00:00",85,0
276431,"30-11-2012 00:00:00",79,11
276431,"31-12-2012 00:00:00",90.5,0
276431,"31-01-2013 00:00:00",47.5,11
276431,"28-02-2013 00:00:00",33,0
276431,"31-03-2013 00:00:00",59,0
276431,"30-04-2013 00:00:00",29.5,0
276431,"31-05-2013 00:00:00",43,0
276431,"30-06-2013 00:00:00",20.5,11
276431,"31-07-2013 00:00:00",44,0
276431,"31-08-2013 00:00:00",59,0
276431,"30-09-2013 00:00:00",53.2,0
276431,"31-10-2013 00:00:00",81,0
276431,"30-11-2013 00:00:00",58,0
276431,"31-12-2013 00:00:00",120,0
276431,"31-01-2014 00:00:00",150,0
276431,"28-02-2014 00:00:00",87,11
276431,"30-04-2014 00:00:00",22,0
276431,"31-05-2014 00:00:00",91,0
276431,"30-06-2014 00:00:00",16.9,0
276431,"31-07-2014 00:00:00",46,0
276431,"31-08-2014 00:00:00",73,0
276431,"30-09-2014 00:00:00",20,11
276431,"31-10-2014 00:00:00",93.5,11
276431,"31-12-2014 00:00:00",50,0
276431,"31-01-2015 00:00:00",66,0
276431,"28-02-2015 00:00:00",43,0
276431,"31-03-2015 00:00:00",18,0
276431,"30-04-2015 00:00:00",21.5,0
276431,"31-05-2015 00:00:00",45,0
276431,"30-06-2015 00:00:00",37,0
276431,"31-07-2015 00:00:00",90,0
276431,"31-08-2015 00:00:00",92,0
276431,"30-09-2015 00:00:00",39,0
276431,"31-10-2015 00:00:00",58,0
276431,"30-11-2015 00:00:00",72,0
276431,"31-12-2015 00:00:00",64,11
276431,"31-01-2016 00:00:00",79,11
276431,"29-02-2016 00:00:00",36,0
276431,"31-03-2016 00:00:00",67,0
276431,"30-04-2016 00:00:00",45,0
276431,"31-05-2016 00:00:00",32,0
276431,"30-06-2016 00:00:00",127,0
276431,"31-07-2016 00:00:00",14,0
276431,"31-08-2016 00:00:00",15.5,0
276431,"30-09-2016 00:00:00",63,11
276431,"31-10-2016 00:00:00",22.5,11
276431,"30-11-2016 00:00:00",82,0
276431,"31-12-2016 00:00:00",24,0
276431,"31-01-2017 00:00:00",57,0
276431,"28-02-2017 00:00:00",33,0
276431,"31-03-2017 00:00:00",29,0
276431,"30-04-2017 00:00:00",7,0
276431,"31-05-2017 00:00:00",57.5,0
276431,"30-06-2017 00:00:00",35,0
276431,"31-07-2017 00:00:00",100,0
276431,"31-08-2017 00:00:00",65,0
276431,"30-09-2017 00:00:00",54,0
276431,"31-10-2017 00:00:00",19.5,0
276431,"30-11-2017 00:00:00",30,0
276431,"31-12-2017 00:00:00",92,0
276431,"31-01-2018 00:00:00",58,0
276431,"28-02-2018 00:00:00",37.5,0
276431,"30-04-2018 00:00:00",47,0
276431,"31-05-2018 00:00:00",57,0
276431,"30-06-2018 00:00:00",0,0
276431,"31-07-2018 00:00:00",15,0
276431,"31-08-2018 00:00:00",62,0
276431,"30-09-2018 00:00:00",35,0
276431,"31-10-2018 00:00:00",77,11
276431,"30-11-2018 00:00:00",69,11
276431,"31-12-2018 00:00:00",54,0
276431,"31-01-2019 00:00:00",28,11
276431,"28-02-2019 00:00:00",34,11
276431,"31-03-2019 00:00:00",46,11
276431,"30-04-2019 00:00:00",10,0
276431,"31-05-2019 00:00:00",34,0
276431,"31-07-2019 00:00:00",38.7,0
276431,"31-08-2019 00:00:00",27,0
276431,"30-09-2019 00:00:00",54,0
276431,"31-10-2019 00:00:00",96,0
276431,"30-11-2019 00:00:00",75,0
276431,"31-12-2019 00:00:00",92,0
276431,"31-01-2020 00:00:00",60,0
276431,"29-02-2020 00:00:00",91,11
277551,"31-01-2012 00:00:00",39.5,11
277551,"29-02-2012 00:00:00",22.5,0
277551,"31-03-2012 00:00:00",19,0
277551,"30-04-2012 00:00:00",128,0
277551,"31-05-2012 00:00:00",34.5,0
277551,"30-06-2012 00:00:00",135,0
277551,"31-07-2012 00:00:00",83,0
277551,"31-08-2012 00:00:00",40.5,0
277551,"30-09-2012 00:00:00",47,0
277551,"31-10-2012 00:00:00",104,0
277551,"30-11-2012 00:00:00",91.5,11
277551,"31-12-2012 00:00:00",105,0
277551,"31-01-2013 00:00:00",60,0
277551,"28-02-2013 00:00:00",41.5,0
277551,"31-03-2013 00:00:00",60,0
277551,"30-04-2013 00:00:00",32,0
277551,"31-05-2013 00:00:00",53,0
277551,"30-06-2013 00:00:00",30,0
277551,"31-07-2013 00:00:00",45,11
277551,"31-08-2013 00:00:00",59.5,0
277551,"30-09-2013 00:00:00",52,0
277551,"31-10-2013 00:00:00",99,0
277551,"30-11-2013 00:00:00",62,0
277551,"31-12-2013 00:00:00",122.5,0
277551,"31-01-2014 00:00:00",166,0
277551,"28-02-2014 00:00:00",100.5,11
277551,"30-04-2014 00:00:00",31.5,0
277551,"31-05-2014 00:00:00",92.5,0
277551,"30-06-2014 00:00:00",26.4,0
277551,"31-07-2014 00:00:00",44,0
277551,"31-08-2014 00:00:00",82.5,0
277551,"30-09-2014 00:00:00",13.5,0
277551,"31-10-2014 00:00:00",104.5,11
277551,"30-11-2014 00:00:00",115,11
277551,"31-12-2014 00:00:00",54,0
277551,"31-01-2015 00:00:00",75,0
277551,"28-02-2015 00:00:00",56.5,0
277551,"31-03-2015 00:00:00",23,0
277551,"30-04-2015 00:00:00",20,0
277551,"31-05-2015 00:00:00",51,0
277551,"31-07-2015 00:00:00",51,0
277551,"31-08-2015 00:00:00",88,0
277551,"30-09-2015 00:00:00",52,0
277551,"31-10-2015 00:00:00",80,0
277551,"30-11-2015 00:00:00",90,0
277551,"31-12-2015 00:00:00",69,11
277551,"31-01-2016 00:00:00",92,11
277551,"29-02-2016 00:00:00",48,0
277551,"31-03-2016 00:00:00",65,0
277551,"30-04-2016 00:00:00",48,0
277551,"31-05-2016 00:00:00",41,0
277551,"30-06-2016 00:00:00",110,0
277551,"31-07-2016 00:00:00",10,0
277551,"31-08-2016 00:00:00",25.5,0
277551,"30-09-2016 00:00:00",71,11
277551,"31-10-2016 00:00:00",20,11
277551,"30-11-2016 00:00:00",83.5,0
277551,"31-12-2016 00:00:00",23,0
277551,"31-01-2017 00:00:00",71,0
277551,"28-02-2017 00:00:00",37,0
277551,"31-03-2017 00:00:00",29,0
277551,"30-04-2017 00:00:00",9,0
277551,"31-05-2017 00:00:00",63,0
277551,"30-06-2017 00:00:00",31,0
277551,"31-07-2017 00:00:00",95,0
277551,"31-08-2017 00:00:00",69,0
277551,"30-09-2017 00:00:00",57,0
277551,"31-10-2017 00:00:00",17.5,0
277551,"30-11-2017 00:00:00",35.5,0
277551,"31-12-2017 00:00:00",114,0
277551,"31-01-2018 00:00:00",68,0
277551,"28-02-2018 00:00:00",45,0
277551,"30-04-2018 00:00:00",51.5,0
277551,"31-05-2018 00:00:00",50,0
277551,"30-06-2018 00:00:00",3,0
277551,"31-07-2018 00:00:00",38,0
277551,"31-08-2018 00:00:00",61,0
277551,"30-09-2018 00:00:00",34,0
277551,"31-10-2018 00:00:00",79,11
277551,"30-11-2018 00:00:00",77,11
277551,"31-12-2018 00:00:00",68,0
277551,"31-01-2019 00:00:00",45,11
277551,"28-02-2019 00:00:00",45,11
277551,"30-04-2019 00:00:00",12,0
277551,"31-05-2019 00:00:00",36,0
277551,"31-07-2019 00:00:00",48.3,0
277551,"31-08-2019 00:00:00",49,0
277551,"30-09-2019 00:00:00",71,0
277551,"31-10-2019 00:00:00",119,0
277551,"30-11-2019 00:00:00",75,0
277551,"31-12-2019 00:00:00",110,0
277551,"31-01-2020 00:00:00",64,0
277551,"29-02-2020 00:00:00",110,11
277604,"30-04-2002 00:00:00",42,16
277604,"30-04-2003 00:00:00",30,16
277604,"31-01-2008 00:00:00",96.4,16
277604,"31-01-2009 00:00:00",63.3,16
277604,"28-02-2009 00:00:00",73.3,16
277604,"31-05-2009 00:00:00",26,16
277604,"31-07-2009 00:00:00",67.5,16
277604,"31-08-2009 00:00:00",30,16
277604,"30-09-2009 00:00:00",13.5,16
277604,"31-10-2009 00:00:00",48.5,16
277604,"30-11-2009 00:00:00",152,16
277604,"31-12-2009 00:00:00",86,16
277672,"28-02-2014 00:00:00",95.6,16
277777,"31-03-1998 00:00:00",68,16
277777,"30-09-2005 00:00:00",46.2,16
277777,"31-08-2006 00:00:00",101.2,16
277777,"31-03-2008 00:00:00",78.4,16
277777,"31-12-2008 00:00:00",40,16
277777,"31-12-2009 00:00:00",95,16
277777,"31-08-2010 00:00:00",118.5,16
277777,"31-10-2010 00:00:00",70,16
277777,"31-08-2011 00:00:00",73,16
277777,"30-11-2011 00:00:00",29.5,16
277777,"31-10-2012 00:00:00",107,16
277777,"31-12-2012 00:00:00",112.4,16
277777,"31-01-2013 00:00:00",42.5,16
277928,"31-01-1996 00:00:00",53.1,0
277928,"31-08-1997 00:00:00",50,16
277928,"30-06-1998 00:00:00",111.1,16
278739,"31-01-1996 00:00:00",51,0
278739,"29-02-1996 00:00:00",70.2,0
278739,"31-03-1996 00:00:00",28,0
278739,"30-04-1996 00:00:00",33,0
278739,"31-05-1996 00:00:00",34,0
278739,"30-06-1996 00:00:00",12,0
278739,"31-07-1996 00:00:00",34,0
278739,"31-08-1996 00:00:00",85,0
278739,"31-10-1998 00:00:00",999.9,16
278744,"30-06-1997 00:00:00",112,16
278744,"31-10-2002 00:00:00",75,16
278744,"31-01-2003 00:00:00",80,16
278744,"28-02-2003 00:00:00",24,16
278744,"31-03-2003 00:00:00",21,16
278744,"31-12-2003 00:00:00",73.3,16
278744,"30-04-2005 00:00:00",54.4,16
278744,"30-06-2005 00:00:00",45,16
278744,"31-07-2005 00:00:00",40,16
278744,"30-09-2012 00:00:00",40,16
278744,"31-10-2021 00:00:00",103.7,16
278744,"31-07-2024 00:00:00",91,16
278796,"31-08-2000 00:00:00",32.5,16
278796,"31-05-2001 00:00:00",68.6,5
278796,"31-07-2001 00:00:00",60,5
278796,"31-08-2001 00:00:00",80,5
278796,"30-09-2001 00:00:00",50.1,5
278796,"31-10-2001 00:00:00",126.6,5
278796,"30-11-2001 00:00:00",44,5
278796,"31-12-2001 00:00:00",27,5
278796,"31-01-2002 00:00:00",72,5
278796,"28-02-2002 00:00:00",85,5
278796,"31-03-2002 00:00:00",50,5
278796,"30-04-2002 00:00:00",47,5
278796,"31-05-2002 00:00:00",82.1,5
278796,"30-06-2002 00:00:00",40,5
278796,"31-07-2002 00:00:00",65,5
278796,"31-08-2002 00:00:00",45,5
278796,"31-10-2002 00:00:00",72.7,0
278796,"30-11-2002 00:00:00",160,11
278796,"31-12-2002 00:00:00",127,11
278796,"31-01-2003 00:00:00",77,11
278796,"28-02-2003 00:00:00",24,11
278796,"31-03-2003 00:00:00",20,11
278796,"30-04-2003 00:00:00",33,11
278796,"31-05-2003 00:00:00",50,11
278796,"30-06-2003 00:00:00",49.8,0
278796,"31-07-2003 00:00:00",27.9,0
278796,"31-08-2003 00:00:00",5,0
278796,"30-09-2003 00:00:00",17.7,0
278796,"31-10-2003 00:00:00",29.7,11
278796,"30-11-2003 00:00:00",132,0
278796,"31-12-2003 00:00:00",75,0
278796,"31-01-2004 00:00:00",87.3,0
278796,"29-02-2004 00:00:00",16.1,0
278796,"31-03-2004 00:00:00",40.5,0
278796,"30-04-2004 00:00:00",68.8,11
278796,"31-05-2004 00:00:00",44,11
278796,"30-06-2004 00:00:00",21.9,0
278796,"31-07-2004 00:00:00",36,11
278796,"31-08-2004 00:00:00",97.4,0
278796,"30-09-2004 00:00:00",21,0
278796,"31-10-2004 00:00:00",100.5,0
278796,"30-11-2004 00:00:00",40.6,0
278796,"31-01-2005 00:00:00",23,0
278796,"28-02-2005 00:00:00",25,0
278796,"31-03-2005 00:00:00",50.2,0
278796,"30-04-2005 00:00:00",44,0
278796,"31-05-2005 00:00:00",24.6,0
278796,"30-06-2005 00:00:00",30.6,0
278796,"31-08-2005 00:00:00",45.1,0
278796,"30-09-2005 00:00:00",53.5,0
278796,"31-10-2005 00:00:00",70,0
278796,"30-11-2005 00:00:00",50,0
278796,"31-12-2005 00:00:00",53,0
278796,"31-01-2006 00:00:00",19,0
278796,"28-02-2006 00:00:00",40,0
278796,"31-03-2006 00:00:00",47,0
278796,"30-04-2006 00:00:00",33,0
278796,"31-05-2006 00:00:00",71,0
278796,"30-06-2006 00:00:00",6,0
278796,"31-07-2006 00:00:00",26,0
278796,"31-08-2006 00:00:00",57,0
278796,"30-09-2006 00:00:00",82.5,0
278796,"31-10-2006 00:00:00",87,0
278796,"30-11-2006 00:00:00",108.5,0
278796,"31-12-2006 00:00:00",85,0
278796,"31-03-2007 00:00:00",50,0
278796,"30-04-2007 00:00:00",1,0
278796,"31-05-2007 00:00:00",107.5,0
278796,"30-06-2007 00:00:00",49.5,0
278796,"31-07-2007 00:00:00",77,0
278796,"31-08-2007 00:00:00",37.5,0
278796,"30-09-2007 00:00:00",19,11
278796,"31-10-2007 00:00:00",43.5,11
278796,"30-11-2007 00:00:00",68,0
278796,"31-12-2007 00:00:00",69,0
278796,"31-01-2008 00:00:00",90,0
278796,"29-02-2008 00:00:00",17,0
278796,"31-03-2008 00:00:00",80,0
278796,"30-04-2008 00:00:00",51,0
278796,"31-05-2008 00:00:00",97,0
278796,"30-06-2008 00:00:00",35,11
278796,"31-07-2008 00:00:00",76,0
278796,"31-08-2008 00:00:00",80,0
278796,"30-09-2008 00:00:00",46,0
278796,"31-10-2008 00:00:00",61,0
278796,"30-11-2008 00:00:00",62.5,0
278796,"28-02-2009 00:00:00",65,11
278796,"31-03-2009 00:00:00",25.5,0
278796,"30-04-2009 00:00:00",45,0
278796,"31-05-2009 00:00:00",28,11
278796,"31-07-2009 00:00:00",75,0
278796,"31-08-2009 00:00:00",32,0
278796,"30-09-2009 00:00:00",13,0
278796,"31-10-2009 00:00:00",48.5,0
278796,"30-11-2009 00:00:00",140,0
278796,"31-12-2009 00:00:00",87,0
278796,"31-01-2010 00:00:00",55,0
278796,"31-03-2010 00:00:00",37.5,11
278796,"30-04-2010 00:00:00",15,11
278796,"31-05-2010 00:00:00",45.5,0
278796,"30-06-2010 00:00:00",14.5,0
278796,"31-07-2010 00:00:00",19,0
278796,"31-08-2010 00:00:00",120,11
278796,"30-09-2010 00:00:00",45.5,0
278796,"31-10-2010 00:00:00",86,0
278796,"30-11-2010 00:00:00",43,0
278796,"31-12-2010 00:00:00",32,0
278796,"31-01-2011 00:00:00",78,0
278796,"28-02-2011 00:00:00",49,0
278796,"31-03-2011 00:00:00",10,0
278796,"30-04-2011 00:00:00",18,11
278796,"31-05-2011 00:00:00",31,0
278796,"30-06-2011 00:00:00",86.5,0
278796,"31-07-2011 00:00:00",34.5,0
278796,"31-08-2011 00:00:00",89.5,0
278796,"30-09-2011 00:00:00",32,0
278796,"31-10-2011 00:00:00",21,0
278796,"30-11-2011 00:00:00",30.5,0
278796,"31-12-2011 00:00:00",64.5,11
264872,"28-02-1999 00:00:00",28.3,16
264872,"30-06-2002 00:00:00",43.6,16
264872,"31-10-2002 00:00:00",110.2,16
264872,"31-01-2003 00:00:00",79.4,16
175102,"31-10-2014 00:00:00",79,16
175102,"30-11-2014 00:00:00",85,16
175102,"31-08-2017 00:00:00",56.2,16
175102,"31-08-2019 00:00:00",40.2,16
175102,"31-05-2024 00:00:00",78,16
175107,"31-01-1996 00:00:00",44.4,0
175107,"28-02-2002 00:00:00",70,16
175107,"28-02-2003 00:00:00",20,16
175107,"31-01-2005 00:00:00",27.3,16
175107,"28-02-2005 00:00:00",33.7,16
175107,"31-01-2006 00:00:00",21,16
175107,"28-02-2006 00:00:00",36.3,16
175107,"28-02-2009 00:00:00",72.6,16
175107,"28-02-2010 00:00:00",70.6,16
175107,"31-12-2010 00:00:00",24,16
175107,"31-01-2011 00:00:00",65,16
175107,"28-02-2011 00:00:00",43.5,16
175107,"29-02-2012 00:00:00",16.8,16
175107,"30-11-2012 00:00:00",80,16
175107,"28-02-2013 00:00:00",25,16
175107,"31-12-2017 00:00:00",78.4,16
175107,"31-01-2018 00:00:00",57.4,16
173378,"30-06-2013 00:00:00",21,16
173378,"28-02-2014 00:00:00",110,16
173378,"31-07-2022 00:00:00",97.6,16
276539,"30-04-2004 00:00:00",77,16
276539,"31-05-2004 00:00:00",48.2,16
276539,"30-06-2004 00:00:00",33.8,16
276539,"31-08-2004 00:00:00",81.7,16
276539,"30-09-2004 00:00:00",25.9,16
276539,"31-10-2004 00:00:00",126.4,16
276539,"31-12-2004 00:00:00",39.1,16
276539,"31-05-2005 00:00:00",45.2,16
276539,"30-06-2005 00:00:00",41.8,16
276539,"31-07-2005 00:00:00",35,16
276539,"31-10-2005 00:00:00",83.8,16
276539,"31-03-2006 00:00:00",47.2,16
276539,"30-04-2006 00:00:00",41.4,16
276539,"31-07-2006 00:00:00",35.6,16
276539,"31-08-2006 00:00:00",98.6,16
276539,"31-10-2006 00:00:00",105.3,16
276539,"30-11-2006 00:00:00",97.4,16
276539,"31-01-2007 00:00:00",80.8,16
276539,"31-05-2007 00:00:00",140.2,16
276539,"30-06-2007 00:00:00",63.8,16
276539,"31-07-2007 00:00:00",70.8,16
276539,"31-08-2007 00:00:00",60.4,16
276539,"30-09-2007 00:00:00",29.6,16
276539,"31-10-2007 00:00:00",61.5,16
276539,"30-11-2007 00:00:00",82.6,16
276539,"31-12-2007 00:00:00",63,16
276539,"31-01-2008 00:00:00",92.6,16
276539,"29-02-2008 00:00:00",20.9,16
276539,"31-03-2008 00:00:00",89.1,16
276539,"30-04-2008 00:00:00",51.6,16
276539,"31-05-2008 00:00:00",92,16
276539,"30-06-2008 00:00:00",40.2,16
276541,"30-09-2002 00:00:00",26,16
276541,"30-04-2003 00:00:00",15.8,16
276649,"31-08-1997 00:00:00",40,16
276649,"31-07-2007 00:00:00",56.3,16
276650,"31-05-1999 00:00:00",51.5,0
276650,"31-07-1999 00:00:00",85,0
276650,"31-08-1999 00:00:00",84,11
276650,"30-09-1999 00:00:00",75.1,11
276650,"31-10-1999 00:00:00",38.5,0
276650,"30-11-1999 00:00:00",52,0
276650,"31-01-2004 00:00:00",67.5,11
276650,"29-02-2004 00:00:00",17.5,0
276650,"31-03-2004 00:00:00",41.4,11
276650,"30-04-2004 00:00:00",70.5,0
276650,"31-05-2004 00:00:00",56.1,11
276650,"30-06-2004 00:00:00",24.5,0
276650,"31-07-2004 00:00:00",33,0
276650,"31-08-2004 00:00:00",99.5,0
276650,"30-09-2004 00:00:00",21.3,11
276650,"31-10-2004 00:00:00",93.5,0
276650,"30-11-2004 00:00:00",44.5,0
276650,"31-01-2005 00:00:00",21,0
276650,"28-02-2005 00:00:00",33.5,0
276650,"31-03-2005 00:00:00",31,0
276650,"30-04-2005 00:00:00",67,0
276651,"31-10-2002 00:00:00",75,16
276651,"31-01-2003 00:00:00",82,16
276651,"31-03-2003 00:00:00",20,16
276651,"31-05-2003 00:00:00",50,16
276651,"30-06-2003 00:00:00",49,16
276761,"31-10-2000 00:00:00",171.2,0
276761,"30-11-2000 00:00:00",132,0
276761,"31-12-2000 00:00:00",111.3,0
276761,"31-01-2001 00:00:00",67.8,0
276761,"28-02-2001 00:00:00",94.5,0
276761,"31-03-2001 00:00:00",87.9,0
276761,"30-04-2001 00:00:00",81.1,0
276761,"31-05-2001 00:00:00",55.2,0
276761,"30-06-2001 00:00:00",24.6,0
276761,"31-07-2001 00:00:00",44.7,0
276761,"31-08-2001 00:00:00",95.7,0
276761,"30-09-2001 00:00:00",52.3,0
276761,"31-10-2001 00:00:00",114.4,0
276761,"30-11-2001 00:00:00",39.3,0
276761,"28-02-2002 00:00:00",82.5,0
276761,"31-07-2002 00:00:00",63.5,0
276761,"31-08-2002 00:00:00",83.2,0
276761,"30-09-2002 00:00:00",22.6,0
276761,"31-10-2002 00:00:00",72.5,0
276761,"30-11-2002 00:00:00",168.2,0
276761,"31-12-2002 00:00:00",135.8,0
276761,"31-01-2003 00:00:00",70,11
276761,"28-02-2003 00:00:00",19.8,0
276761,"30-04-2003 00:00:00",30,11
276761,"31-05-2003 00:00:00",48,0
276761,"30-06-2003 00:00:00",48.5,11
276761,"31-07-2003 00:00:00",35,0
276761,"31-08-2003 00:00:00",6.2,0
276761,"30-09-2003 00:00:00",7.3,0
276761,"31-10-2003 00:00:00",43,0
276761,"30-11-2003 00:00:00",112.7,0
276761,"31-12-2003 00:00:00",70.5,11
276761,"31-01-2004 00:00:00",98.1,11
276761,"29-02-2004 00:00:00",17,0
276761,"31-03-2004 00:00:00",34.7,0
276761,"30-04-2004 00:00:00",66.2,11
276761,"31-05-2004 00:00:00",42,11
276761,"30-06-2004 00:00:00",23.2,0
276761,"31-07-2004 00:00:00",55.6,11
276761,"31-08-2004 00:00:00",102.6,11
276761,"30-09-2004 00:00:00",20.2,0
276761,"31-10-2004 00:00:00",111.2,0
276761,"30-11-2004 00:00:00",39.4,0
276761,"31-12-2004 00:00:00",44.5,0
276761,"31-01-2005 00:00:00",26.5,0
276761,"28-02-2005 00:00:00",24.9,0
276761,"31-03-2005 00:00:00",41.9,0
276761,"30-04-2005 00:00:00",40.8,0
276761,"31-05-2005 00:00:00",16,0
276761,"30-06-2005 00:00:00",48.2,0
276761,"31-08-2005 00:00:00",61,0
276761,"30-09-2005 00:00:00",61,0
276761,"31-10-2005 00:00:00",85.5,0
276761,"30-11-2005 00:00:00",44,0
276761,"31-12-2005 00:00:00",51,0
276761,"31-01-2006 00:00:00",18.5,0
276761,"28-02-2006 00:00:00",37.5,0
276761,"31-03-2006 00:00:00",48,0
276761,"30-04-2006 00:00:00",33,0
276761,"31-05-2006 00:00:00",72,0
276761,"30-06-2006 00:00:00",5,0
276761,"31-07-2006 00:00:00",30,0
276761,"31-08-2006 00:00:00",54,0
276761,"30-09-2006 00:00:00",58,0
276761,"31-10-2006 00:00:00",83,0
276761,"30-11-2006 00:00:00",102,0
276761,"31-12-2006 00:00:00",76,0
276761,"31-01-2007 00:00:00",68,0
276761,"31-03-2007 00:00:00",44,0
276761,"30-04-2007 00:00:00",0,0
276761,"31-05-2007 00:00:00",112.5,0
276761,"30-06-2007 00:00:00",47.5,0
276761,"31-07-2007 00:00:00",93,0
276761,"31-08-2007 00:00:00",45.5,0
276761,"30-09-2007 00:00:00",10.5,0
276761,"31-10-2007 00:00:00",59,0
276761,"30-11-2007 00:00:00",75,0
276761,"31-12-2007 00:00:00",75.5,0
276761,"31-01-2008 00:00:00",94,0
276761,"29-02-2008 00:00:00",13,0
276761,"31-03-2008 00:00:00",77,0
276761,"30-04-2008 00:00:00",38,0
276761,"31-05-2008 00:00:00",98,0
276761,"30-06-2008 00:00:00",30.5,11
276761,"31-07-2008 00:00:00",54,0
276761,"31-08-2008 00:00:00",74.5,0
276761,"30-09-2008 00:00:00",36.5,0
276761,"31-10-2008 00:00:00",74,0
276761,"30-11-2008 00:00:00",56,0
276761,"28-02-2009 00:00:00",60,11
276761,"31-03-2009 00:00:00",27,0
276761,"30-04-2009 00:00:00",37,0
276761,"31-05-2009 00:00:00",27.5,11
276761,"30-06-2009 00:00:00",72,11
276761,"31-07-2009 00:00:00",61.5,0
276761,"31-08-2009 00:00:00",32,0
276761,"30-09-2009 00:00:00",17,0
276761,"31-10-2009 00:00:00",55.5,0
276761,"30-11-2009 00:00:00",158,0
276761,"31-12-2009 00:00:00",84,0
276761,"31-01-2010 00:00:00",52.5,0
276761,"28-02-2010 00:00:00",84,0
276761,"31-03-2010 00:00:00",36,0
276761,"30-04-2010 00:00:00",11.7,0
276761,"31-05-2010 00:00:00",58,0
276761,"30-06-2010 00:00:00",11,0
276761,"31-07-2010 00:00:00",12,0
276761,"31-08-2010 00:00:00",139.5,0
276761,"30-09-2010 00:00:00",46,0
276761,"31-10-2010 00:00:00",79,0
276761,"30-11-2010 00:00:00",45.5,0
276761,"31-12-2010 00:00:00",23.5,0
276761,"31-01-2011 00:00:00",88,0
276761,"28-02-2011 00:00:00",48,0
276761,"31-03-2011 00:00:00",12,0
276761,"30-04-2011 00:00:00",0,0
276761,"31-05-2011 00:00:00",34,0
276761,"30-06-2011 00:00:00",106,0
276761,"31-07-2011 00:00:00",45.5,0
276761,"31-08-2011 00:00:00",78,0
276761,"30-09-2011 00:00:00",35,0
276761,"31-10-2011 00:00:00",16,0
276761,"30-11-2011 00:00:00",34.5,0
276761,"31-12-2011 00:00:00",68.5,11
276955,"31-01-1995 00:00:00",126,0
276955,"28-02-1995 00:00:00",76,0
276955,"31-03-1995 00:00:00",57,0
276955,"30-04-1995 00:00:00",15,0
276955,"31-05-1995 00:00:00",32,0
276955,"30-06-1995 00:00:00",20,0
276955,"31-07-1995 00:00:00",22,0
276955,"31-08-1995 00:00:00",4,0
276955,"30-09-1995 00:00:00",125,0
276955,"31-10-1995 00:00:00",28,0
276955,"30-11-1995 00:00:00",54,0
276955,"31-12-1995 00:00:00",90,0
276955,"31-01-2004 00:00:00",97.5,0
276955,"29-02-2004 00:00:00",37,11
276955,"31-03-2004 00:00:00",38.2,11
276955,"30-04-2004 00:00:00",73.4,11
276955,"31-05-2004 00:00:00",53.2,0
276955,"30-06-2004 00:00:00",26.4,11
276955,"31-07-2004 00:00:00",50.1,0
276955,"31-08-2004 00:00:00",84.7,11
276955,"30-09-2004 00:00:00",25.2,11
276955,"30-11-2004 00:00:00",50.8,0
276955,"31-01-2005 00:00:00",25.4,0
276955,"28-02-2005 00:00:00",24.5,0
276955,"31-03-2005 00:00:00",39.5,0
276955,"30-04-2005 00:00:00",53.2,0
276956,"31-12-2004 00:00:00",35.9,16
276956,"31-03-2005 00:00:00",39.5,16
276956,"30-11-2005 00:00:00",44,16
276956,"31-12-2017 00:00:00",84.7,16
276956,"31-03-2018 00:00:00",69.5,16
276956,"30-06-2022 00:00:00",24.9,16
277003,"31-07-1999 00:00:00",13.9,16
277003,"31-08-1999 00:00:00",78.1,16
277003,"30-09-2000 00:00:00",89.4,0
277003,"31-10-2000 00:00:00",156.5,0
277003,"30-11-2000 00:00:00",131.3,0
277003,"31-12-2000 00:00:00",110.5,0
277003,"31-01-2001 00:00:00",68.9,0
277003,"28-02-2001 00:00:00",121.1,0
277003,"31-03-2001 00:00:00",96.2,0
277003,"30-04-2001 00:00:00",78.1,0
277003,"31-05-2001 00:00:00",62.5,0
277003,"30-06-2001 00:00:00",49.1,0
277003,"31-07-2001 00:00:00",51.5,0
277003,"31-08-2001 00:00:00",93.5,0
277003,"30-09-2001 00:00:00",57,0
277003,"31-10-2001 00:00:00",111.2,0
277003,"30-11-2001 00:00:00",45.8,0
277003,"31-12-2001 00:00:00",20,11
277003,"31-01-2002 00:00:00",64.5,0
277003,"28-02-2002 00:00:00",82,0
277003,"31-03-2002 00:00:00",43.1,0
277003,"30-04-2002 00:00:00",50,0
277003,"31-05-2002 00:00:00",79.6,0
277003,"30-06-2002 00:00:00",30,11
277003,"31-07-2002 00:00:00",74.3,0
277003,"31-08-2002 00:00:00",35.2,0
277003,"30-09-2002 00:00:00",21.9,0
277003,"31-10-2002 00:00:00",117.8,0
277003,"30-11-2002 00:00:00",159.5,0
277003,"31-12-2002 00:00:00",111.2,0
277003,"31-01-2003 00:00:00",90,11
277003,"28-02-2003 00:00:00",19.4,0
277003,"31-03-2003 00:00:00",20.5,0
277003,"30-04-2003 00:00:00",26,0
277003,"31-05-2003 00:00:00",34.7,0
277003,"30-06-2003 00:00:00",46.2,11
277003,"31-07-2003 00:00:00",24.3,0
277003,"31-08-2003 00:00:00",0.5,0
277003,"30-09-2003 00:00:00",12.7,0
277003,"31-10-2003 00:00:00",57,0
277003,"30-11-2003 00:00:00",111.2,0
277003,"31-12-2003 00:00:00",72.6,0
277003,"31-01-2004 00:00:00",92.4,0
277003,"29-02-2004 00:00:00",22.5,0
277003,"31-03-2004 00:00:00",43.1,0
277003,"30-04-2004 00:00:00",73.3,11
277003,"31-05-2004 00:00:00",50,11
277003,"30-06-2004 00:00:00",26.7,11
277003,"31-07-2004 00:00:00",47.2,0
277003,"31-08-2004 00:00:00",101.8,0
277003,"30-09-2004 00:00:00",19.2,0
277003,"31-10-2004 00:00:00",117.4,0
277003,"30-11-2004 00:00:00",60.2,0
277003,"31-12-2004 00:00:00",36.3,0
277003,"31-01-2005 00:00:00",25.4,0
277003,"28-02-2005 00:00:00",32.4,0
277003,"31-03-2005 00:00:00",37.9,0
277003,"30-04-2005 00:00:00",72.8,0
277003,"31-05-2005 00:00:00",39.1,0
277003,"30-06-2005 00:00:00",48.7,0
277003,"31-08-2005 00:00:00",49.6,0
277003,"30-09-2005 00:00:00",54,0
277003,"31-10-2005 00:00:00",77,0
277003,"30-11-2005 00:00:00",39.7,0
277003,"31-12-2005 00:00:00",56,0
277003,"31-01-2006 00:00:00",22.5,0
277003,"28-02-2006 00:00:00",35.2,0
277003,"31-03-2006 00:00:00",59,0
277003,"30-04-2006 00:00:00",36.5,0
277003,"31-05-2006 00:00:00",78.5,0
277003,"30-06-2006 00:00:00",8,0
277003,"31-07-2006 00:00:00",30,0
277021,"31-01-2017 00:00:00",73.7,16
277021,"31-12-2017 00:00:00",84.3,16
277021,"31-01-2018 00:00:00",52.1,16
277021,"31-03-2018 00:00:00",77.2,16
277406,"31-01-1995 00:00:00",135,0
277406,"28-02-1995 00:00:00",83,0
277406,"31-03-1995 00:00:00",54,0
277406,"30-04-1995 00:00:00",13,0
277406,"31-05-1995 00:00:00",27,0
277406,"30-06-1995 00:00:00",24,0
277406,"31-07-1995 00:00:00",19,0
277406,"31-08-1995 00:00:00",2,0
277406,"30-09-1995 00:00:00",90,0
277406,"31-10-1995 00:00:00",32,0
277406,"30-11-1995 00:00:00",41,0
277406,"31-12-1995 00:00:00",89,0
277406,"31-05-1999 00:00:00",44.6,11
277406,"31-07-1999 00:00:00",84,0
277406,"31-08-1999 00:00:00",89.4,11
277406,"30-09-1999 00:00:00",70,0
277406,"31-10-1999 00:00:00",51,0
277406,"30-11-1999 00:00:00",56.5,0
277406,"31-01-2004 00:00:00",71,11
277406,"29-02-2004 00:00:00",17,0
277406,"31-03-2004 00:00:00",34.5,0
277406,"30-04-2004 00:00:00",71.4,11
277406,"31-05-2004 00:00:00",47.4,11
277406,"30-06-2004 00:00:00",25.5,0
277406,"31-07-2004 00:00:00",35.8,11
277406,"31-08-2004 00:00:00",131.6,11
277406,"30-09-2004 00:00:00",22.6,11
277406,"31-10-2004 00:00:00",109.5,0
277406,"30-11-2004 00:00:00",36,0
277406,"31-01-2005 00:00:00",24.5,0
277406,"28-02-2005 00:00:00",22.6,11
277406,"31-03-2005 00:00:00",35.7,0
277406,"30-04-2005 00:00:00",42,0
277406,"31-12-2006 00:00:00",80.8,11
277406,"31-01-2007 00:00:00",78,0
277407,"28-02-2001 00:00:00",89,16
277407,"31-05-2003 00:00:00",48,16
277551,"30-09-2000 00:00:00",80.3,0
277551,"31-10-2000 00:00:00",173.7,0
277551,"30-11-2000 00:00:00",133,0
277551,"31-12-2000 00:00:00",112.7,0
277551,"31-01-2001 00:00:00",72.5,0
277551,"28-02-2001 00:00:00",99,0
277551,"31-03-2001 00:00:00",114.5,0
277551,"30-04-2001 00:00:00",87.3,0
277551,"31-05-2001 00:00:00",51,0
277551,"30-06-2001 00:00:00",28.9,0
277551,"31-07-2001 00:00:00",46,0
277551,"31-08-2001 00:00:00",88.1,0
277551,"31-10-2001 00:00:00",115.5,0
277551,"30-11-2001 00:00:00",37.2,0
277551,"31-12-2001 00:00:00",25.1,0
277551,"28-02-2002 00:00:00",89.1,0
277551,"31-03-2002 00:00:00",52,0
277551,"30-04-2002 00:00:00",48.2,0
277551,"31-05-2002 00:00:00",92.4,0
277551,"30-06-2002 00:00:00",50,0
277551,"31-07-2002 00:00:00",73.1,0
277551,"31-08-2002 00:00:00",112.1,0
277551,"31-10-2002 00:00:00",75.7,0
277551,"30-11-2002 00:00:00",167,0
277551,"31-12-2002 00:00:00",141.3,0
277551,"31-01-2003 00:00:00",72,11
277551,"28-02-2003 00:00:00",22.8,0
277551,"31-03-2003 00:00:00",18.3,0
277551,"30-04-2003 00:00:00",33,0
277551,"31-05-2003 00:00:00",55.1,0
277551,"30-06-2003 00:00:00",46.8,0
277551,"31-07-2003 00:00:00",36,0
277551,"31-08-2003 00:00:00",7,0
277551,"30-09-2003 00:00:00",10.2,0
277551,"31-10-2003 00:00:00",46,0
277551,"30-11-2003 00:00:00",113.5,0
277551,"31-12-2003 00:00:00",78.3,11
277551,"31-01-2004 00:00:00",99.2,11
277551,"29-02-2004 00:00:00",20.5,0
277551,"31-03-2004 00:00:00",40.6,0
277551,"30-04-2004 00:00:00",71.1,11
277551,"31-05-2004 00:00:00",50.2,11
277551,"30-06-2004 00:00:00",30.5,0
277551,"31-07-2004 00:00:00",57,11
277551,"31-08-2004 00:00:00",102.8,11
277551,"30-09-2004 00:00:00",22,0
277551,"31-10-2004 00:00:00",109.7,0
277551,"30-11-2004 00:00:00",41.3,0
277551,"31-12-2004 00:00:00",47.4,0
277551,"31-01-2005 00:00:00",28.2,0
277551,"28-02-2005 00:00:00",29.8,0
277551,"31-03-2005 00:00:00",45,0
277551,"30-04-2005 00:00:00",45.1,0
277551,"31-05-2005 00:00:00",22.8,0
277551,"30-06-2005 00:00:00",46.5,0
277551,"31-08-2005 00:00:00",50.9,0
277551,"30-09-2005 00:00:00",56.5,0
277551,"31-10-2005 00:00:00",86.5,0
277551,"30-11-2005 00:00:00",53,0
277551,"31-12-2005 00:00:00",46,0
277551,"31-01-2006 00:00:00",23,0
277551,"28-02-2006 00:00:00",40.5,0
277551,"31-03-2006 00:00:00",53,0
277551,"30-04-2006 00:00:00",37,0
277551,"31-05-2006 00:00:00",83,0
277551,"30-06-2006 00:00:00",7.2,0
277551,"31-07-2006 00:00:00",45.5,0
277551,"31-08-2006 00:00:00",65,0
277551,"30-09-2006 00:00:00",58,0
277551,"31-10-2006 00:00:00",97,0
277551,"30-11-2006 00:00:00",108,0
277551,"31-12-2006 00:00:00",80.5,0
277551,"31-01-2007 00:00:00",72,0
277551,"31-03-2007 00:00:00",49.5,0
277551,"30-04-2007 00:00:00",2,0
277551,"31-05-2007 00:00:00",118.5,0
277551,"30-06-2007 00:00:00",48.5,0
277551,"31-07-2007 00:00:00",96.5,0
277551,"31-08-2007 00:00:00",51,0
277551,"30-09-2007 00:00:00",20,11
277551,"31-10-2007 00:00:00",58,11
277551,"30-11-2007 00:00:00",81.5,0
277551,"31-12-2007 00:00:00",75,0
277551,"31-01-2008 00:00:00",101,0
277551,"29-02-2008 00:00:00",17.5,0
277551,"31-03-2008 00:00:00",85,0
277551,"30-04-2008 00:00:00",38,0
277551,"31-05-2008 00:00:00",102,0
277551,"30-06-2008 00:00:00",33,11
277551,"31-07-2008 00:00:00",58,0
277551,"31-08-2008 00:00:00",69.5,0
277551,"30-09-2008 00:00:00",38,0
277551,"31-10-2008 00:00:00",76.5,0
277551,"30-11-2008 00:00:00",61.5,0
277551,"28-02-2009 00:00:00",65,11
277551,"31-03-2009 00:00:00",31.5,0
277551,"30-04-2009 00:00:00",42.5,0
277551,"31-05-2009 00:00:00",26,11
277551,"30-06-2009 00:00:00",66.5,11
277551,"31-07-2009 00:00:00",65,0
277551,"31-08-2009 00:00:00",32.3,0
277551,"30-09-2009 00:00:00",13,0
277551,"31-10-2009 00:00:00",56.5,0
277551,"30-11-2009 00:00:00",159,0
277551,"31-12-2009 00:00:00",85.5,0
277551,"31-01-2010 00:00:00",51,0
277551,"28-02-2010 00:00:00",84,0
277551,"31-03-2010 00:00:00",36.5,0
277551,"30-04-2010 00:00:00",12,0
277551,"31-05-2010 00:00:00",60,0
277551,"30-06-2010 00:00:00",10,0
277551,"31-07-2010 00:00:00",12.5,0
277551,"31-08-2010 00:00:00",129.5,0
277551,"30-09-2010 00:00:00",44,0
277551,"31-10-2010 00:00:00",80,0
277551,"30-11-2010 00:00:00",46,0
277551,"31-12-2010 00:00:00",26.5,0
277551,"31-01-2011 00:00:00",82,0
277551,"28-02-2011 00:00:00",48,0
277551,"31-03-2011 00:00:00",10.5,0
277551,"30-04-2011 00:00:00",1.5,0
277551,"31-05-2011 00:00:00",27,0
277551,"30-06-2011 00:00:00",110,0
277551,"31-07-2011 00:00:00",47,0
277551,"31-08-2011 00:00:00",72,0
277551,"30-09-2011 00:00:00",36,0
277551,"31-10-2011 00:00:00",17,0
277551,"30-11-2011 00:00:00",33,0
277551,"31-12-2011 00:00:00",70,11
